{
  "class_names": [
    "yes",
    "no",
    "up",
    "down",
    "left",
    "right",
    "on",
    "off",
    "stop",
    "go",
    "unknown",
    "silence"
  ],
  "confusion_matrix": [
    [
      240,
      0,
      1,
      0,
      0,
      0,
      0,
      0,
      0,
      0,
      15,
      0
    ],
    [
      0,
      225,
      1,
      1,
      0,
      0,
      0,
      0,
      0,
      8,
      16,
      1
    ],
    [
      0,
      0,
      265,
      0,
      0,
      0,
      0,
      0,
      0,
      0,
      7,
      0
    ],
    [
      0,
      5,
      0,
      228,
      0,
      0,
      0,
      0,
      0,
      8,
      12,
      0
    ],
    [
      0,
      0,
      1,
      0,
      260,
      0,
      0,
      0,
      0,
      0,
      6,
      0
    ],
    [
      0,
      0,
      0,
      0,
      1,
      231,
      0,
      0,
      0,
      0,
      27,
      0
    ],
    [
      0,
      0,
      0,
      0,
      0,
      0,
      232,
      3,
      0,
      0,
      11,
      0
    ],
    [
      0,
      0,
      11,
      0,
      1,
      0,
      0,
      239,
      0,
      2,
      9,
      0
    ],
    [
      0,
      0,
      1,
      0,
      0,
      0,
      0,
      0,
      244,
      0,
      4,
      0
    ],
    [
      0,
      1,
      1,
      0,
      1,
      0,
      0,
      0,
      1,
      237,
      10,
      0
    ],
    [
      0,
      1,
      5,
      3,
      2,
      3,
      12,
      0,
      0,
      11,
      4230,
      1
    ],
    [
      0,
      0,
      0,
      0,
      0,
      0,
      0,
      0,
      0,
      0,
      0,
      250
    ]
  ],
  "confusion_matrix_normalized": [
    [
      0.9375,
      0.0,
      0.00390625,
      0.0,
      0.0,
      0.0,
      0.0,
      0.0,
      0.0,
      0.0,
      0.05859375,
      0.0
    ],
    [
      0.0,
      0.8928571428571429,
      0.003968253968253968,
      0.003968253968253968,
      0.0,
      0.0,
      0.0,
      0.0,
      0.0,
      0.031746031746031744,
      0.06349206349206349,
      0.003968253968253968
    ],
    [
      0.0,
      0.0,
      0.9742647058823529,
      0.0,
      0.0,
      0.0,
      0.0,
      0.0,
      0.0,
      0.0,
      0.025735294117647058,
      0.0
    ],
    [
      0.0,
      0.019762845849802372,
      0.0,
      0.9011857707509882,
      0.0,
      0.0,
      0.0,
      0.0,
      0.0,
      0.03162055335968379,
      0.04743083003952569,
      0.0
    ],
    [
      0.0,
      0.0,
      0.003745318352059925,
      0.0,
      0.9737827715355806,
      0.0,
      0.0,
      0.0,
      0.0,
      0.0,
      0.02247191011235955,
      0.0
    ],
    [
      0.0,
      0.0,
      0.0,
      0.0,
      0.003861003861003861,
      0.8918918918918919,
      0.0,
      0.0,
      0.0,
      0.0,
      0.10424710424710425,
      0.0
    ],
    [
      0.0,
      0.0,
      0.0,
      0.0,
      0.0,
      0.0,
      0.943089430894309,
      0.012195121951219513,
      0.0,
      0.0,
      0.044715447154471545,
      0.0
    ],
    [
      0.0,
      0.0,
      0.04198473282442748,
      0.0,
      0.003816793893129771,
      0.0,
      0.0,
      0.9122137404580153,
      0.0,
      0.007633587786259542,
      0.03435114503816794,
      0.0
    ],
    [
      0.0,
      0.0,
      0.004016064257028112,
      0.0,
      0.0,
      0.0,
      0.0,
      0.0,
      0.9799196787148594,
      0.0,
      0.01606425702811245,
      0.0
    ],
    [
      0.0,
      0.00398406374501992,
      0.00398406374501992,
      0.0,
      0.00398406374501992,
      0.0,
      0.0,
      0.0,
      0.00398406374501992,
      0.9442231075697212,
      0.0398406374501992,
      0.0
    ],
    [
      0.0,
      0.00023430178069353328,
      0.0011715089034676663,
      0.0007029053420805998,
      0.00046860356138706655,
      0.0007029053420805998,
      0.0028116213683223993,
      0.0,
      0.0,
      0.002577319587628866,
      0.9910965323336457,
      0.00023430178069353328
    ],
    [
      0.0,
      0.0,
      0.0,
      0.0,
      0.0,
      0.0,
      0.0,
      0.0,
      0.0,
      0.0,
      0.0,
      1.0
    ]
  ],
  "per_class_metrics": [
    {
      "class_index": 0,
      "class_name": "yes",
      "precision": 1.0,
      "recall": 0.9375,
      "f1": 0.967741935483871,
      "support": 256
    },
    {
      "class_index": 1,
      "class_name": "no",
      "precision": 0.9698275862068966,
      "recall": 0.8928571428571429,
      "f1": 0.9297520661157025,
      "support": 252
    },
    {
      "class_index": 2,
      "class_name": "up",
      "precision": 0.9265734265734266,
      "recall": 0.9742647058823529,
      "f1": 0.9498207885304659,
      "support": 272
    },
    {
      "class_index": 3,
      "class_name": "down",
      "precision": 0.9827586206896551,
      "recall": 0.9011857707509882,
      "f1": 0.9402061855670103,
      "support": 253
    },
    {
      "class_index": 4,
      "class_name": "left",
      "precision": 0.9811320754716981,
      "recall": 0.9737827715355806,
      "f1": 0.9774436090225563,
      "support": 267
    },
    {
      "class_index": 5,
      "class_name": "right",
      "precision": 0.9871794871794872,
      "recall": 0.8918918918918919,
      "f1": 0.9371196754563894,
      "support": 259
    },
    {
      "class_index": 6,
      "class_name": "on",
      "precision": 0.9508196721311475,
      "recall": 0.943089430894309,
      "f1": 0.9469387755102041,
      "support": 246
    },
    {
      "class_index": 7,
      "class_name": "off",
      "precision": 0.987603305785124,
      "recall": 0.9122137404580153,
      "f1": 0.9484126984126984,
      "support": 262
    },
    {
      "class_index": 8,
      "class_name": "stop",
      "precision": 0.9959183673469387,
      "recall": 0.9799196787148594,
      "f1": 0.9878542510121457,
      "support": 249
    },
    {
      "class_index": 9,
      "class_name": "go",
      "precision": 0.8909774436090225,
      "recall": 0.9442231075697212,
      "f1": 0.9168278529980658,
      "support": 251
    },
    {
      "class_index": 10,
      "class_name": "unknown",
      "precision": 0.9730848861283644,
      "recall": 0.9910965323336457,
      "f1": 0.9820081253627394,
      "support": 4268
    },
    {
      "class_index": 11,
      "class_name": "silence",
      "precision": 0.9920634920634921,
      "recall": 1.0,
      "f1": 0.9960159362549801,
      "support": 250
    }
  ],
  "top_confusions": [
    {
      "true_class": "right",
      "predicted_as": "unknown",
      "count": 27,
      "rate_within_true": 0.10424710424710425
    },
    {
      "true_class": "no",
      "predicted_as": "unknown",
      "count": 16,
      "rate_within_true": 0.06349206349206349
    },
    {
      "true_class": "yes",
      "predicted_as": "unknown",
      "count": 15,
      "rate_within_true": 0.05859375
    },
    {
      "true_class": "down",
      "predicted_as": "unknown",
      "count": 12,
      "rate_within_true": 0.04743083003952569
    },
    {
      "true_class": "unknown",
      "predicted_as": "on",
      "count": 12,
      "rate_within_true": 0.0028116213683223993
    },
    {
      "true_class": "on",
      "predicted_as": "unknown",
      "count": 11,
      "rate_within_true": 0.044715447154471545
    },
    {
      "true_class": "off",
      "predicted_as": "up",
      "count": 11,
      "rate_within_true": 0.04198473282442748
    },
    {
      "true_class": "unknown",
      "predicted_as": "go",
      "count": 11,
      "rate_within_true": 0.002577319587628866
    },
    {
      "true_class": "go",
      "predicted_as": "unknown",
      "count": 10,
      "rate_within_true": 0.0398406374501992
    },
    {
      "true_class": "off",
      "predicted_as": "unknown",
      "count": 9,
      "rate_within_true": 0.03435114503816794
    },
    {
      "true_class": "no",
      "predicted_as": "go",
      "count": 8,