{
  "class_names": [
    "yes",
    "no",
    "up",
    "down",
    "left",
    "right",
    "on",
    "off",
    "stop",
    "go",
    "unknown",
    "silence"
  ],
  "confusion_matrix": [
    [
      246,
      0,
      1,
      0,
      2,
      6,
      0,
      0,
      0,
      0,
      1,
      0
    ],
    [
      4,
      238,
      0,
      2,
      1,
      0,
      0,
      0,
      2,
      1,
      4,
      0
    ],
    [
      2,
      0,
      264,
      0,
      1,
      0,
      1,
      0,
      2,
      0,
      2,
      0
    ],
    [
      0,
      2,
      0,
      242,
      0,
      1,
      1,
      0,
      1,
      1,
      5,
      0
    ],
    [
      0,
      0,
      1,
      1,
      260,
      0,
      0,
      0,
      0,
      0,
      5,
      0
    ],
    [
      0,
      1,
      3,
      0,
      1,
      247,
      2,
      0,
      0,
      0,
      5,
      0
    ],
    [
      0,
      0,
      0,
      0,
      1,
      1,
      234,
      1,
      1,
      0,
      8,
      0
    ],
    [
      0,
      0,
      3,
      0,
      0,
      3,
      1,
      252,
      1,
      0,
      2,
      0
    ],
    [
      2,
      0,
      0,
      1,
      0,
      0,
      0,
      0,
      244,
      1,
      1,
      0
    ],
    [
      2,
      2,
      1,
      2,
      2,
      1,
      0,
      0,
      0,
      237,
      4,
      0
    ],
    [
      16,
      4,
      3,
      4,
      15,
      83,
      13,
      4,
      11,
      12,
      4103,
      0
    ],
    [
      0,
      0,
      0,
      0,
      0,
      0,
      0,
      0,
      0,
      0,
      0,
      250
    ]
  ],
  "confusion_matrix_normalized": [
    [
      0.9609375,
      0.0,
      0.00390625,
      0.0,
      0.0078125,
      0.0234375,
      0.0,
      0.0,
      0.0,
      0.0,
      0.00390625,
      0.0
    ],
    [
      0.015873015873015872,
      0.9444444444444444,
      0.0,
      0.007936507936507936,
      0.003968253968253968,
      0.0,
      0.0,
      0.0,
      0.007936507936507936,
      0.003968253968253968,
      0.015873015873015872,
      0.0
    ],
    [
      0.007352941176470588,
      0.0,
      0.9705882352941176,
      0.0,
      0.003676470588235294,
      0.0,
      0.003676470588235294,
      0.0,
      0.007352941176470588,
      0.0,
      0.007352941176470588,
      0.0
    ],
    [
      0.0,
      0.007905138339920948,
      0.0,
      0.9565217391304348,
      0.0,
      0.003952569169960474,
      0.003952569169960474,
      0.0,
      0.003952569169960474,
      0.003952569169960474,
      0.019762845849802372,
      0.0
    ],
    [
      0.0,
      0.0,
      0.003745318352059925,
      0.003745318352059925,
      0.9737827715355806,
      0.0,
      0.0,
      0.0,
      0.0,
      0.0,
      0.018726591760299626,
      0.0
    ],
    [
      0.0,
      0.003861003861003861,
      0.011583011583011582,
      0.0,
      0.003861003861003861,
      0.9536679536679536,
      0.007722007722007722,
      0.0,
      0.0,
      0.0,
      0.019305019305019305,
      0.0
    ],
    [
      0.0,
      0.0,
      0.0,
      0.0,
      0.0040650406504065045,
      0.0040650406504065045,
      0.9512195121951219,
      0.0040650406504065045,
      0.0040650406504065045,
      0.0,
      0.032520325203252036,
      0.0
    ],
    [
      0.0,
      0.0,
      0.011450381679389313,
      0.0,
      0.0,
      0.011450381679389313,
      0.003816793893129771,
      0.9618320610687023,
      0.003816793893129771,
      0.0,
      0.007633587786259542,
      0.0
    ],
    [
      0.008032128514056224,
      0.0,
      0.0,
      0.004016064257028112,
      0.0,
      0.0,
      0.0,
      0.0,
      0.9799196787148594,
      0.004016064257028112,
      0.004016064257028112,
      0.0
    ],
    [
      0.00796812749003984,
      0.00796812749003984,
      0.00398406374501992,
      0.00796812749003984,
      0.00796812749003984,
      0.00398406374501992,
      0.0,
      0.0,
      0.0,
      0.9442231075697212,
      0.01593625498007968,
      0.0
    ],
    [
      0.0037488284910965324,
      0.0009372071227741331,
      0.0007029053420805998,
      0.0009372071227741331,
      0.003514526710402999,
      0.01944704779756326,
      0.0030459231490159327,
      0.0009372071227741331,
      0.002577319587628866,
      0.0028116213683223993,
      0.961340206185567,
      0.0
    ],
    [
      0.0,
      0.0,
      0.0,
      0.0,
      0.0,
      0.0,
      0.0,
      0.0,
      0.0,
      0.0,
      0.0,
      1.0
    ]
  ],
  "per_class_metrics": [
    {
      "class_index": 0,
      "class_name": "yes",
      "precision": 0.9044117647058824,
      "recall": 0.9609375,
      "f1": 0.9318181818181818,
      "support": 256
    },
    {
      "class_index": 1,
      "class_name": "no",
      "precision": 0.9635627530364372,
      "recall": 0.9444444444444444,
      "f1": 0.9539078156312625,
      "support": 252
    },
    {
      "class_index": 2,
      "class_name": "up",
      "precision": 0.9565217391304348,
      "recall": 0.9705882352941176,
      "f1": 0.9635036496350365,
      "support": 272
    },
    {
      "class_index": 3,
      "class_name": "down",
      "precision": 0.9603174603174603,
      "recall": 0.9565217391304348,
      "f1": 0.9584158415841584,
      "support": 253
    },
    {
      "class_index": 4,
      "class_name": "left",
      "precision": 0.9187279151943463,
      "recall": 0.9737827715355806,
      "f1": 0.9454545454545454,
      "support": 267
    },
    {
      "class_index": 5,
      "class_name": "right",
      "precision": 0.7222222222222222,
      "recall": 0.9536679536679536,
      "f1": 0.8219633943427621,
      "support": 259
    },
    {
      "class_index": 6,
      "class_name": "on",
      "precision": 0.9285714285714286,
      "recall": 0.9512195121951219,
      "f1": 0.9397590361445783,
      "support": 246
    },
    {
      "class_index": 7,
      "class_name": "off",
      "precision": 0.980544747081712,
      "recall": 0.9618320610687023,
      "f1": 0.9710982658959537,
      "support": 262
    },
    {
      "class_index": 8,
      "class_name": "stop",
      "precision": 0.9312977099236641,
      "recall": 0.9799196787148594,
      "f1": 0.9549902152641878,
      "support": 249
    },
    {
      "class_index": 9,
      "class_name": "go",
      "precision": 0.9404761904761905,
      "recall": 0.9442231075697212,
      "f1": 0.9423459244532804,
      "support": 251
    },
    {
      "class_index": 10,
      "class_name": "unknown",
      "precision": 0.9910628019323672,
      "recall": 0.961340206185567,
      "f1": 0.9759752616555661,
      "support": 4268
    },
    {
      "class_index": 11,
      "class_name": "silence",
      "precision": 1.0,
      "recall": 1.0,
      "f1": 1.0,
      "support": 250
    }
  ],
  "top_confusions": [
    {
      "true_class": "unknown",
      "predicted_as": "right",
      "count": 83,
      "rate_within_true": 0.01944704779756326
    },
    {
      "true_class": "unknown",
      "predicted_as": "yes",
      "count": 16,
      "rate_within_true": 0.0037488284910965324
    },
    {
      "true_class": "unknown",
      "predicted_as": "left",
      "count": 15,
      "rate_within_true": 0.003514526710402999
    },
    {
      "true_class": "unknown",
      "predicted_as": "on",
      "count": 13,
      "rate_within_true": 0.0030459231490159327
    },
    {
      "true_class": "unknown",
      "predicted_as": "go",
      "count": 12,
      "rate_within_true": 0.0028116213683223993
    },
    {
      "true_class": "unknown",
      "predicted_as": "stop",
      "count": 11,
      "rate_within_true": 0.002577319587628866
    },
    {
      "true_class": "on",
      "predicted_as": "unknown",
      "count": 8,
      "rate_within_true": 0.032520325203252036
    },
    {
      "true_class": "yes",
      "predicted_as": "right",
      "count": 6,