{
  "class_names": [
    "yes",
    "no",
    "up",
    "down",
    "left",
    "right",
    "on",
    "off",
    "stop",
    "go",
    "unknown",
    "silence"
  ],
  "confusion_matrix": [
    [
      247,
      0,
      0,
      0,
      0,
      0,
      0,
      0,
      0,
      0,
      9,
      0
    ],
    [
      0,
      234,
      0,
      2,
      0,
      0,
      0,
      0,
      1,
      5,
      10,
      0
    ],
    [
      0,
      0,
      239,
      0,
      0,
      0,
      2,
      18,
      1,
      1,
      11,
      0
    ],
    [
      0,
      8,
      0,
      231,
      0,
      0,
      0,
      0,
      0,
      1,
      13,
      0
    ],
    [
      2,
      0,
      0,
      0,
      254,
      0,
      0,
      0,
      0,
      0,
      11,
      0
    ],
    [
      0,
      0,
      0,
      0,
      0,
      234,
      0,
      0,
      0,
      0,
      25,
      0
    ],
    [
      0,
      0,
      0,
      0,
      0,
      0,
      234,
      2,
      0,
      0,
      10,
      0
    ],
    [
      0,
      0,
      0,
      0,
      0,
      0,
      8,
      245,
      0,
      2,
      7,
      0
    ],
    [
      0,
      0,
      0,
      1,
      0,
      0,
      0,
      1,
      242,
      0,
      5,
      0
    ],
    [
      0,
      2,
      0,
      2,
      0,
      0,
      0,
      0,
      0,
      237,
      10,
      0
    ],
    [
      3,
      6,
      2,
      3,
      7,
      2,
      7,
      3,
      2,
      9,
      4224,
      0
    ],
    [
      0,
      0,
      0,
      0,
      0,
      0,
      0,
      0,
      0,
      0,
      0,
      250
    ]
  ],
  "confusion_matrix_normalized": [
    [
      0.96484375,
      0.0,
      0.0,
      0.0,
      0.0,
      0.0,
      0.0,
      0.0,
      0.0,
      0.0,
      0.03515625,
      0.0
    ],
    [
      0.0,
      0.9285714285714286,
      0.0,
      0.007936507936507936,
      0.0,
      0.0,
      0.0,
      0.0,
      0.003968253968253968,
      0.01984126984126984,
      0.03968253968253968,
      0.0
    ],
    [
      0.0,
      0.0,
      0.8786764705882353,
      0.0,
      0.0,
      0.0,
      0.007352941176470588,
      0.0661764705882353,
      0.003676470588235294,
      0.003676470588235294,
      0.04044117647058824,
      0.0
    ],
    [
      0.0,
      0.03162055335968379,
      0.0,
      0.9130434782608695,
      0.0,
      0.0,
      0.0,
      0.0,
      0.0,
      0.003952569169960474,
      0.05138339920948617,
      0.0
    ],
    [
      0.00749063670411985,
      0.0,
      0.0,
      0.0,
      0.951310861423221,
      0.0,
      0.0,
      0.0,
      0.0,
      0.0,
      0.04119850187265917,
      0.0
    ],
    [
      0.0,
      0.0,
      0.0,
      0.0,
      0.0,
      0.9034749034749034,
      0.0,
      0.0,
      0.0,
      0.0,
      0.09652509652509653,
      0.0
    ],
    [
      0.0,
      0.0,
      0.0,
      0.0,
      0.0,
      0.0,
      0.9512195121951219,
      0.008130081300813009,
      0.0,
      0.0,
      0.04065040650406504,
      0.0
    ],
    [
      0.0,
      0.0,
      0.0,
      0.0,
      0.0,
      0.0,
      0.030534351145038167,
      0.9351145038167938,
      0.0,
      0.007633587786259542,
      0.026717557251908396,
      0.0
    ],
    [
      0.0,
      0.0,
      0.0,
      0.004016064257028112,
      0.0,
      0.0,
      0.0,
      0.004016064257028112,
      0.9718875502008032,
      0.0,
      0.020080321285140562,
      0.0
    ],
    [
      0.0,
      0.00796812749003984,
      0.0,
      0.00796812749003984,
      0.0,
      0.0,
      0.0,
      0.0,
      0.0,
      0.9442231075697212,
      0.0398406374501992,
      0.0
    ],
    [
      0.0007029053420805998,
      0.0014058106841611997,
      0.00046860356138706655,
      0.0007029053420805998,
      0.0016401124648547328,
      0.00046860356138706655,
      0.0016401124648547328,
      0.0007029053420805998,
      0.00046860356138706655,
      0.0021087160262417996,
      0.9896907216494846,
      0.0
    ],
    [
      0.0,
      0.0,
      0.0,
      0.0,
      0.0,
      0.0,
      0.0,
      0.0,
      0.0,
      0.0,
      0.0,
      1.0
    ]
  ],
  "per_class_metrics": [
    {
      "class_index": 0,
      "class_name": "yes",
      "precision": 0.9801587301587301,
      "recall": 0.96484375,
      "f1": 0.9724409448818898,
      "support": 256
    },
    {
      "class_index": 1,
      "class_name": "no",
      "precision": 0.936,
      "recall": 0.9285714285714286,
      "f1": 0.9322709163346613,
      "support": 252
    },
    {
      "class_index": 2,
      "class_name": "up",
      "precision": 0.991701244813278,
      "recall": 0.8786764705882353,
      "f1": 0.9317738791423001,
      "support": 272
    },
    {
      "class_index": 3,
      "class_name": "down",
      "precision": 0.9665271966527197,
      "recall": 0.9130434782608695,
      "f1": 0.9390243902439024,
      "support": 253
    },
    {
      "class_index": 4,
      "class_name": "left",
      "precision": 0.9731800766283525,
      "recall": 0.951310861423221,
      "f1": 0.9621212121212122,
      "support": 267
    },
    {
      "class_index": 5,
      "class_name": "right",
      "precision": 0.9915254237288136,
      "recall": 0.9034749034749034,
      "f1": 0.9454545454545454,
      "support": 259
    },
    {
      "class_index": 6,
      "class_name": "on",
      "precision": 0.9322709163346613,
      "recall": 0.9512195121951219,
      "f1": 0.9416498993963782,
      "support": 246
    },
    {
      "class_index": 7,
      "class_name": "off",
      "precision": 0.9107806691449815,
      "recall": 0.9351145038167938,
      "f1": 0.9227871939736346,
      "support": 262
    },
    {
      "class_index": 8,
      "class_name": "stop",
      "precision": 0.983739837398374,
      "recall": 0.9718875502008032,
      "f1": 0.9777777777777777,
      "support": 249
    },
    {
      "class_index": 9,
      "class_name": "go",
      "precision": 0.9294117647058824,
      "recall": 0.9442231075697212,
      "f1": 0.9367588932806324,
      "support": 251
    },
    {
      "class_index": 10,
      "class_name": "unknown",
      "precision": 0.9743944636678201,
      "recall": 0.9896907216494846,
      "f1": 0.9819830291758689,
      "support": 4268
    },
    {
      "class_index": 11,
      "class_name": "silence",
      "precision": 1.0,
      "recall": 1.0,
      "f1": 1.0,
      "support": 250
    }
  ],
  "top_confusions": [
    {
      "true_class": "right",
      "predicted_as": "unknown",
      "count": 25,
      "rate_within_true": 0.09652509652509653
    },
    {
      "true_class": "up",
      "predicted_as": "off",
      "count": 18,
      "rate_within_true": 0.0661764705882353
    },
    {
      "true_class": "down",
      "predicted_as": "unknown",
      "count": 13,
      "rate_within_true": 0.05138339920948617
    },
    {
      "true_class": "up",
      "predicted_as": "unknown",
      "count": 11,
      "rate_within_true": 0.04044117647058824
    },
    {
      "true_class": "left",
      "predicted_as": "unknown",
      "count": 11,
      "rate_within_true": 0.04119850187265917
    },
    {
      "true_class": "no",
      "predicted_as": "unknown",
      "count": 10,
      "rate_within_true": 0.03968253968253968
    },
    {
      "true_class": "on",
      "predicted_as": "unknown",
      "count": 10,
      "rate_within_true": 0.04065040650406504
    },
    {
      "true_class": "go",
      "predicted_as": "unknown",
      "count": 10,
      "rate_within_true": 0.0398406374501992
    },
    {
      "true_class": "yes",
      "predicted_as": "unknown",
      "count": 9,
      "rate_within_true": 0.03515625
    },
    {
      "true_class": "unknown",
      "predicted_as": "go",
      "count": 9,
      "rate_within_true": 0.0021087160262417996
    },
    {
      "true_class": "down",
      "predicted_as": "no",
      "count": 8,