{
  "class_names": [
    "yes",
    "no",
    "up",
    "down",
    "left",
    "right",
    "on",
    "off",
    "stop",
    "go",
    "unknown",
    "silence"
  ],
  "confusion_matrix": [
    [
      244,
      1,
      0,
      0,
      2,
      0,
      0,
      0,
      0,
      0,
      9,
      0
    ],
    [
      0,
      231,
      0,
      3,
      2,
      0,
      0,
      0,
      0,
      5,
      11,
      0
    ],
    [
      0,
      0,
      264,
      0,
      0,
      0,
      0,
      1,
      0,
      0,
      7,
      0
    ],
    [
      0,
      0,
      0,
      246,
      0,
      0,
      0,
      0,
      0,
      1,
      6,
      0
    ],
    [
      0,
      0,
      0,
      0,
      260,
      0,
      0,
      0,
      0,
      0,
      7,
      0
    ],
    [
      0,
      0,
      0,
      0,
      1,
      241,
      0,
      0,
      0,
      0,
      17,
      0
    ],
    [
      0,
      0,
      0,
      0,
      0,
      0,
      240,
      0,
      0,
      0,
      6,
      0
    ],
    [
      0,
      0,
      1,
      0,
      1,
      0,
      2,
      252,
      0,
      0,
      6,
      0
    ],
    [
      0,
      0,
      0,
      0,
      0,
      0,
      0,
      0,
      246,
      0,
      3,
      0
    ],
    [
      0,
      1,
      0,
      1,
      0,
      0,
      0,
      0,
      0,
      240,
      9,
      0
    ],
    [
      0,
      0,
      2,
      12,
      0,
      6,
      3,
      2,
      0,
      4,
      4239,
      0
    ],
    [
      0,
      0,
      0,
      0,
      0,
      0,
      0,
      0,
      0,
      0,
      0,
      250
    ]
  ],
  "confusion_matrix_normalized": [
    [
      0.953125,
      0.00390625,
      0.0,
      0.0,
      0.0078125,
      0.0,
      0.0,
      0.0,
      0.0,
      0.0,
      0.03515625,
      0.0
    ],
    [
      0.0,
      0.9166666666666666,
      0.0,
      0.011904761904761904,
      0.007936507936507936,
      0.0,
      0.0,
      0.0,
      0.0,
      0.01984126984126984,
      0.04365079365079365,
      0.0
    ],
    [
      0.0,
      0.0,
      0.9705882352941176,
      0.0,
      0.0,
      0.0,
      0.0,
      0.003676470588235294,
      0.0,
      0.0,
      0.025735294117647058,
      0.0
    ],
    [
      0.0,
      0.0,
      0.0,
      0.9723320158102767,
      0.0,
      0.0,
      0.0,
      0.0,
      0.0,
      0.003952569169960474,
      0.023715415019762844,
      0.0
    ],
    [
      0.0,
      0.0,
      0.0,
      0.0,
      0.9737827715355806,
      0.0,
      0.0,
      0.0,
      0.0,
      0.0,
      0.026217228464419477,
      0.0
    ],
    [
      0.0,
      0.0,
      0.0,
      0.0,
      0.003861003861003861,
      0.9305019305019305,
      0.0,
      0.0,
      0.0,
      0.0,
      0.06563706563706563,
      0.0
    ],
    [
      0.0,
      0.0,
      0.0,
      0.0,
      0.0,
      0.0,
      0.975609756097561,
      0.0,
      0.0,
      0.0,
      0.024390243902439025,
      0.0
    ],
    [
      0.0,
      0.0,
      0.003816793893129771,
      0.0,
      0.003816793893129771,
      0.0,
      0.007633587786259542,
      0.9618320610687023,
      0.0,
      0.0,
      0.022900763358778626,
      0.0
    ],
    [
      0.0,
      0.0,
      0.0,
      0.0,
      0.0,
      0.0,
      0.0,
      0.0,
      0.9879518072289156,
      0.0,
      0.012048192771084338,
      0.0
    ],
    [
      0.0,
      0.00398406374501992,
      0.0,
      0.00398406374501992,
      0.0,
      0.0,
      0.0,
      0.0,
      0.0,
      0.9561752988047809,
      0.035856573705179286,
      0.0
    ],
    [
      0.0,
      0.0,
      0.00046860356138706655,
      0.0028116213683223993,
      0.0,
      0.0014058106841611997,
      0.0007029053420805998,
      0.00046860356138706655,
      0.0,
      0.0009372071227741331,
      0.9932052483598875,
      0.0
    ],
    [
      0.0,
      0.0,
      0.0,
      0.0,
      0.0,
      0.0,
      0.0,
      0.0,
      0.0,
      0.0,
      0.0,
      1.0
    ]
  ],
  "per_class_metrics": [
    {
      "class_index": 0,
      "class_name": "yes",
      "precision": 1.0,
      "recall": 0.953125,
      "f1": 0.976,
      "support": 256
    },
    {
      "class_index": 1,
      "class_name": "no",
      "precision": 0.9914163090128756,
      "recall": 0.9166666666666666,
      "f1": 0.9525773195876288,
      "support": 252
    },
    {
      "class_index": 2,
      "class_name": "up",
      "precision": 0.9887640449438202,
      "recall": 0.9705882352941176,
      "f1": 0.9795918367346939,
      "support": 272
    },
    {
      "class_index": 3,
      "class_name": "down",
      "precision": 0.9389312977099237,
      "recall": 0.9723320158102767,
      "f1": 0.9553398058252427,
      "support": 253
    },
    {
      "class_index": 4,
      "class_name": "left",
      "precision": 0.9774436090225563,
      "recall": 0.9737827715355806,
      "f1": 0.975609756097561,
      "support": 267
    },
    {
      "class_index": 5,
      "class_name": "right",
      "precision": 0.9757085020242915,
      "recall": 0.9305019305019305,
      "f1": 0.9525691699604744,
      "support": 259
    },
    {
      "class_index": 6,
      "class_name": "on",
      "precision": 0.9795918367346939,
      "recall": 0.975609756097561,
      "f1": 0.9775967413441955,
      "support": 246
    },
    {
      "class_index": 7,
      "class_name": "off",
      "precision": 0.9882352941176471,
      "recall": 0.9618320610687023,
      "f1": 0.9748549323017408,
      "support": 262
    },
    {
      "class_index": 8,
      "class_name": "stop",
      "precision": 1.0,
      "recall": 0.9879518072289156,
      "f1": 0.9939393939393939,
      "support": 249
    },
    {
      "class_index": 9,
      "class_name": "go",
      "precision": 0.96,
      "recall": 0.9561752988047809,
      "f1": 0.9580838323353293,
      "support": 251
    },
    {
      "class_index": 10,
      "class_name": "unknown",
      "precision": 0.98125,
      "recall": 0.9932052483598875,
      "f1": 0.9871914299021891,
      "support": 4268
    },
    {
      "class_index": 11,
      "class_name": "silence",
      "precision": 1.0,
      "recall": 1.0,
      "f1": 1.0,
      "support": 250
    }
  ],
  "top_confusions": [
    {
      "true_class": "right",
      "predicted_as": "unknown",
      "count": 17,
      "rate_within_true": 0.06563706563706563
    },
    {
      "true_class": "unknown",
      "predicted_as": "down",
      "count": 12,
      "rate_within_true": 0.0028116213683223993
    },
    {
      "true_class": "no",
      "predicted_as": "unknown",
      "count": 11,
      "rate_within_true": 0.04365079365079365
    },
    {
      "true_class": "yes",
      "predicted_as": "unknown",
      "count": 9,
      "rate_within_true": 0.03515625
    },
    {
      "true_class": "go",
      "predicted_as": "unknown",
      "count": 9,
      "rate_within_true": 0.035856573705179286
    },
    {
      "true_class": "up",
      "predicted_as": "unknown",
      "count": 7,
      "rate_within_true": 0.025735294117647058
    },
    {
      "true_class": "left",
      "predicted_as": "unknown",
      "count": 7,
      "rate_within_true": 0.026217228464419477
    },
    {
      "true_class": "down",
      "predicted_as": "unknown",
      "count": 6,
      "rate_within_true": 0.023715415019762844
    },
    {
      "true_class": "on",
      "predicted_as": "unknown",
      "count": 6,
      "rate_within_true": 0.024390243902439025
    },
    {
      "true_class": "off",
      "predicted_as": "unknown",
      "count": 6,
      "rate_within_true": 0.022900763358778626
    },
    {
      "true_class": "unknown",
      "predicted_as": "right",
      "count": 6,
      "rate_within_true": 0.0014058106841611997
    },
    {
      "true_class": "no",
      "predicted_as": "go",
      "count": 5,
      "rate_within_true": 0.01984126984126984
    },
    {
      "true_class": "unknown",
      "predicted_as": "go",