{
  "class_names": [
    "yes",
    "no",
    "up",
    "down",
    "left",
    "right",
    "on",
    "off",
    "stop",
    "go",
    "unknown",
    "silence"
  ],
  "confusion_matrix": [
    [
      249,
      0,
      1,
      2,
      1,
      0,
      0,
      0,
      0,
      0,
      3,
      0
    ],
    [
      3,
      234,
      1,
      2,
      3,
      0,
      0,
      0,
      2,
      2,
      5,
      0
    ],
    [
      0,
      0,
      263,
      1,
      1,
      0,
      1,
      2,
      1,
      0,
      3,
      0
    ],
    [
      0,
      3,
      0,
      241,
      3,
      0,
      0,
      1,
      0,
      3,
      2,
      0
    ],
    [
      4,
      0,
      3,
      1,
      253,
      0,
      0,
      1,
      0,
      0,
      5,
      0
    ],
    [
      1,
      0,
      1,
      1,
      2,
      239,
      2,
      2,
      0,
      0,
      11,
      0
    ],
    [
      0,
      0,
      0,
      1,
      2,
      0,
      237,
      2,
      0,
      0,
      4,
      0
    ],
    [
      0,
      0,
      3,
      0,
      2,
      0,
      2,
      251,
      1,
      0,
      3,
      0
    ],
    [
      0,
      0,
      1,
      4,
      1,
      0,
      0,
      1,
      240,
      0,
      2,
      0
    ],
    [
      1,
      3,
      3,
      6,
      1,
      0,
      1,
      0,
      1,
      234,
      1,
      0
    ],
    [
      6,
      4,
      11,
      26,
      19,
      24,
      16,
      7,
      12,
      24,
      4119,
      0
    ],
    [
      0,
      0,
      0,
      0,
      0,
      0,
      0,
      0,
      0,
      0,
      0,
      250
    ]
  ],
  "confusion_matrix_normalized": [
    [
      0.97265625,
      0.0,
      0.00390625,
      0.0078125,
      0.00390625,
      0.0,
      0.0,
      0.0,
      0.0,
      0.0,
      0.01171875,
      0.0
    ],
    [
      0.011904761904761904,
      0.9285714285714286,
      0.003968253968253968,
      0.007936507936507936,
      0.011904761904761904,
      0.0,
      0.0,
      0.0,
      0.007936507936507936,
      0.007936507936507936,
      0.01984126984126984,
      0.0
    ],
    [
      0.0,
      0.0,
      0.9669117647058824,
      0.003676470588235294,
      0.003676470588235294,
      0.0,
      0.003676470588235294,
      0.007352941176470588,
      0.003676470588235294,
      0.0,
      0.011029411764705883,
      0.0
    ],
    [
      0.0,
      0.011857707509881422,
      0.0,
      0.9525691699604744,
      0.011857707509881422,
      0.0,
      0.0,
      0.003952569169960474,
      0.0,
      0.011857707509881422,
      0.007905138339920948,
      0.0
    ],
    [
      0.0149812734082397,
      0.0,
      0.011235955056179775,
      0.003745318352059925,
      0.947565543071161,
      0.0,
      0.0,
      0.003745318352059925,
      0.0,
      0.0,
      0.018726591760299626,
      0.0
    ],
    [
      0.003861003861003861,
      0.0,
      0.003861003861003861,
      0.003861003861003861,
      0.007722007722007722,
      0.9227799227799228,
      0.007722007722007722,
      0.007722007722007722,
      0.0,
      0.0,
      0.04247104247104247,
      0.0
    ],
    [
      0.0,
      0.0,
      0.0,
      0.0040650406504065045,
      0.008130081300813009,
      0.0,
      0.9634146341463414,
      0.008130081300813009,
      0.0,
      0.0,
      0.016260162601626018,
      0.0
    ],
    [
      0.0,
      0.0,
      0.011450381679389313,
      0.0,
      0.007633587786259542,
      0.0,
      0.007633587786259542,
      0.9580152671755725,
      0.003816793893129771,
      0.0,
      0.011450381679389313,
      0.0
    ],
    [
      0.0,
      0.0,
      0.004016064257028112,
      0.01606425702811245,
      0.004016064257028112,
      0.0,
      0.0,
      0.004016064257028112,
      0.963855421686747,
      0.0,
      0.008032128514056224,
      0.0
    ],
    [
      0.00398406374501992,
      0.01195219123505976,
      0.01195219123505976,
      0.02390438247011952,
      0.00398406374501992,
      0.0,
      0.00398406374501992,
      0.0,
      0.00398406374501992,
      0.9322709163346613,
      0.00398406374501992,
      0.0
    ],
    [
      0.0014058106841611997,
      0.0009372071227741331,
      0.002577319587628866,
      0.006091846298031865,
      0.004451733833177133,
      0.005623242736644799,
      0.0037488284910965324,
      0.0016401124648547328,
      0.0028116213683223993,
      0.005623242736644799,
      0.9650890346766635,
      0.0
    ],
    [
      0.0,
      0.0,
      0.0,
      0.0,
      0.0,
      0.0,
      0.0,
      0.0,
      0.0,
      0.0,
      0.0,
      1.0
    ]
  ],
  "per_class_metrics": [
    {
      "class_index": 0,
      "class_name": "yes",
      "precision": 0.9431818181818182,
      "recall": 0.97265625,
      "f1": 0.9576923076923077,
      "support": 256
    },
    {
      "class_index": 1,
      "class_name": "no",
      "precision": 0.9590163934426229,
      "recall": 0.9285714285714286,
      "f1": 0.9435483870967742,
      "support": 252
    },
    {
      "class_index": 2,
      "class_name": "up",
      "precision": 0.9163763066202091,
      "recall": 0.9669117647058824,
      "f1": 0.9409660107334525,
      "support": 272
    },
    {
      "class_index": 3,
      "class_name": "down",
      "precision": 0.8456140350877193,
      "recall": 0.9525691699604744,
      "f1": 0.895910780669145,
      "support": 253
    },
    {
      "class_index": 4,
      "class_name": "left",
      "precision": 0.8784722222222222,
      "recall": 0.947565543071161,
      "f1": 0.9117117117117117,
      "support": 267
    },
    {
      "class_index": 5,
      "class_name": "right",
      "precision": 0.908745247148289,
      "recall": 0.9227799227799228,
      "f1": 0.9157088122605364,
      "support": 259
    },
    {
      "class_index": 6,
      "class_name": "on",
      "precision": 0.915057915057915,
      "recall": 0.9634146341463414,
      "f1": 0.9386138613861386,
      "support": 246
    },
    {
      "class_index": 7,
      "class_name": "off",
      "precision": 0.9400749063670412,
      "recall": 0.9580152671755725,
      "f1": 0.9489603024574669,
      "support": 262
    },
    {
      "class_index": 8,
      "class_name": "stop",
      "precision": 0.933852140077821,
      "recall": 0.963855421686747,
      "f1": 0.9486166007905138,
      "support": 249
    },
    {
      "class_index": 9,
      "class_name": "go",
      "precision": 0.8897338403041825,
      "recall": 0.9322709163346613,
      "f1": 0.9105058365758755,
      "support": 251
    },
    {
      "class_index": 10,
      "class_name": "unknown",
      "precision": 0.9906204906204906,
      "recall": 0.9650890346766635,
      "f1": 0.9776881082364111,
      "support": 4268
    },
    {
      "class_index": 11,
      "class_name": "silence",
      "precision": 1.0,
      "recall": 1.0,
      "f1": 1.0,
      "support": 250
    }
  ],
  "top_confusions": [
    {
      "true_class": "unknown",
      "predicted_as": "down",
      "count": 26,
      "rate_within_true": 0.006091846298031865
    },
    {
      "true_class": "unknown",
      "predicted_as": "right",
      "count": 24,
      "rate_within_true": 0.005623242736644799
    },
    {
      "true_class": "unknown",
      "predicted_as": "go",
      "count": 24,
      "rate_within_true": 0.005623242736644799
    },
    {
      "true_class": "unknown",
      "predicted_as": "left",
      "count": 19,
      "rate_within_true": 0.004451733833177133
    },
    {
      "true_class": "unknown",
      "predicted_as": "on",
      "count": 16,
      "rate_within_true": 0.0037488284910965324
    },
    {
      "true_class": "unknown",
      "predicted_as": "stop",
      "count": 12,
      "rate_within_true": 0.0028116213683223993
    },
    {
      "true_class": "right",
      "predicted_as": "unknown",
      "count": 11,
      "rate_within_true": 0.04247104247104247
    },
    {
      "true_class": "unknown",