{
  "class_names": [
    "yes",
    "no",
    "up",
    "down",
    "left",
    "right",
    "on",
    "off",
    "stop",
    "go",
    "unknown",
    "silence"
  ],
  "confusion_matrix": [
    [
      246,
      0,
      0,
      0,
      0,
      0,
      0,
      0,
      0,
      0,
      10,
      0
    ],
    [
      0,
      231,
      1,
      3,
      0,
      0,
      0,
      0,
      0,
      9,
      8,
      0
    ],
    [
      0,
      0,
      262,
      0,
      0,
      0,
      0,
      0,
      2,
      0,
      8,
      0
    ],
    [
      0,
      4,
      0,
      232,
      0,
      0,
      0,
      0,
      0,
      2,
      15,
      0
    ],
    [
      0,
      0,
      0,
      0,
      255,
      0,
      0,
      0,
      0,
      0,
      12,
      0
    ],
    [
      0,
      0,
      0,
      0,
      1,
      237,
      0,
      0,
      0,
      0,
      21,
      0
    ],
    [
      0,
      0,
      0,
      0,
      0,
      0,
      235,
      0,
      0,
      0,
      11,
      0
    ],
    [
      0,
      0,
      1,
      0,
      2,
      0,
      2,
      247,
      0,
      2,
      8,
      0
    ],
    [
      0,
      0,
      0,
      1,
      0,
      0,
      0,
      0,
      243,
      0,
      5,
      0
    ],
    [
      0,
      1,
      1,
      1,
      1,
      0,
      0,
      0,
      0,
      233,
      14,
      0
    ],
    [
      0,
      1,
      1,
      5,
      2,
      1,
      7,
      1,
      2,
      13,
      4235,
      0
    ],
    [
      0,
      0,
      0,
      0,
      0,
      0,
      0,
      0,
      0,
      0,
      0,
      0
    ]
  ],
  "confusion_matrix_normalized": [
    [
      0.9609375,
      0.0,
      0.0,
      0.0,
      0.0,
      0.0,
      0.0,
      0.0,
      0.0,
      0.0,
      0.0390625,
      0.0
    ],
    [
      0.0,
      0.9166666666666666,
      0.003968253968253968,
      0.011904761904761904,
      0.0,
      0.0,
      0.0,
      0.0,
      0.0,
      0.03571428571428571,
      0.031746031746031744,
      0.0
    ],
    [
      0.0,
      0.0,
      0.9632352941176471,
      0.0,
      0.0,
      0.0,
      0.0,
      0.0,
      0.007352941176470588,
      0.0,
      0.029411764705882353,
      0.0
    ],
    [
      0.0,
      0.015810276679841896,
      0.0,
      0.9169960474308301,
      0.0,
      0.0,
      0.0,
      0.0,
      0.0,
      0.007905138339920948,
      0.05928853754940711,
      0.0
    ],
    [
      0.0,
      0.0,
      0.0,
      0.0,
      0.9550561797752809,
      0.0,
      0.0,
      0.0,
      0.0,
      0.0,
      0.0449438202247191,
      0.0
    ],
    [
      0.0,
      0.0,
      0.0,
      0.0,
      0.003861003861003861,
      0.915057915057915,
      0.0,
      0.0,
      0.0,
      0.0,
      0.08108108108108109,
      0.0
    ],
    [
      0.0,
      0.0,
      0.0,
      0.0,
      0.0,
      0.0,
      0.9552845528455285,
      0.0,
      0.0,
      0.0,
      0.044715447154471545,
      0.0
    ],
    [
      0.0,
      0.0,
      0.003816793893129771,
      0.0,
      0.007633587786259542,
      0.0,
      0.007633587786259542,
      0.9427480916030534,
      0.0,
      0.007633587786259542,
      0.030534351145038167,
      0.0
    ],
    [
      0.0,
      0.0,
      0.0,
      0.004016064257028112,
      0.0,
      0.0,
      0.0,
      0.0,
      0.9759036144578314,
      0.0,
      0.020080321285140562,
      0.0
    ],
    [
      0.0,
      0.00398406374501992,
      0.00398406374501992,
      0.00398406374501992,
      0.00398406374501992,
      0.0,
      0.0,
      0.0,
      0.0,
      0.9282868525896414,
      0.055776892430278883,
      0.0
    ],
    [
      0.0,
      0.00023430178069353328,
      0.00023430178069353328,
      0.0011715089034676663,
      0.00046860356138706655,
      0.00023430178069353328,
      0.0016401124648547328,
      0.00023430178069353328,
      0.00046860356138706655,
      0.0030459231490159327,
      0.9922680412371134,
      0.0
    ],
    [
      0.0,
      0.0,
      0.0,
      0.0,
      0.0,
      0.0,
      0.0,
      0.0,
      0.0,
      0.0,
      0.0,
      0.0
    ]
  ],
  "per_class_metrics": [
    {
      "class_index": 0,
      "class_name": "yes",
      "precision": 1.0,
      "recall": 0.9609375,
      "f1": 0.9800796812749004,
      "support": 256
    },
    {
      "class_index": 1,
      "class_name": "no",
      "precision": 0.9746835443037974,
      "recall": 0.9166666666666666,
      "f1": 0.9447852760736196,
      "support": 252
    },
    {
      "class_index": 2,
      "class_name": "up",
      "precision": 0.9849624060150376,
      "recall": 0.9632352941176471,
      "f1": 0.9739776951672863,
      "support": 272
    },
    {
      "class_index": 3,
      "class_name": "down",
      "precision": 0.9586776859504132,
      "recall": 0.9169960474308301,
      "f1": 0.9373737373737374,
      "support": 253
    },
    {
      "class_index": 4,
      "class_name": "left",
      "precision": 0.9770114942528736,
      "recall": 0.9550561797752809,
      "f1": 0.9659090909090909,
      "support": 267
    },
    {
      "class_index": 5,
      "class_name": "right",
      "precision": 0.9957983193277311,
      "recall": 0.915057915057915,
      "f1": 0.9537223340040242,
      "support": 259
    },
    {
      "class_index": 6,
      "class_name": "on",
      "precision": 0.9631147540983607,
      "recall": 0.9552845528455285,
      "f1": 0.9591836734693877,
      "support": 246
    },
    {
      "class_index": 7,
      "class_name": "off",
      "precision": 0.9959677419354839,
      "recall": 0.9427480916030534,
      "f1": 0.9686274509803922,
      "support": 262
    },
    {
      "class_index": 8,
      "class_name": "stop",
      "precision": 0.9838056680161943,
      "recall": 0.9759036144578314,
      "f1": 0.9798387096774194,
      "support": 249
    },
    {
      "class_index": 9,
      "class_name": "go",
      "precision": 0.8996138996138996,
      "recall": 0.9282868525896414,
      "f1": 0.9137254901960784,
      "support": 251
    },
    {
      "class_index": 10,
      "class_name": "unknown",
      "precision": 0.9742351046698873,
      "recall": 0.9922680412371134,
      "f1": 0.9831688914683692,
      "support": 4268
    },
    {
      "class_index": 11,
      "class_name": "silence",
      "precision": 0.0,
      "recall": 0.0,
      "f1": 0.0,
      "support": 0
    }
  ],
  "top_confusions": [
    {
      "true_class": "right",
      "predicted_as": "unknown",
      "count": 21,
      "rate_within_true": 0.08108108108108109
    },
    {
      "true_class": "down",
      "predicted_as": "unknown",
      "count": 15,
      "rate_within_true": 0.05928853754940711
    },
    {
      "true_class": "go",
      "predicted_as": "unknown",
      "count": 14,
      "rate_within_true": 0.055776892430278883
    },
    {
      "true_class": "unknown",
      "predicted_as": "go",
      "count": 13,
      "rate_within_true": 0.0030459231490159327
    },
    {
      "true_class": "left",
      "predicted_as": "unknown",
      "count": 12,
      "rate_within_true": 0.0449438202247191
    },
    {
      "true_class": "on",
      "predicted_as": "unknown",
      "count": 11,
      "rate_within_true": 0.044715447154471545
    },
    {
      "true_class": "yes",
      "predicted_as": "unknown",
      "count": 10,
      "rate_within_true": 0.0390625
    },
    {
      "true_class": "no",
      "predicted_as": "go",
      "count": 9,
      "rate_within_true": 0.03571428571428571
    },
    {
      "true_class": "no",
      "predicted_as": "unknown",
      "count": 8,
      "rate_within_true": 0.031746031746031744
    },
    {
      "true_class": "up",
      "predicted_as": "unknown",
      "count": 8,
      "rate_within_true": 0.029411764705882353
    },
    {
      "true_class": "off",
      "predicted_as": "unknown",
      "count": 8,