{
  "class_names": [
    "yes",
    "no",
    "up",
    "down",
    "left",
    "right",
    "on",
    "off",
    "stop",
    "go",
    "unknown",
    "silence"
  ],
  "confusion_matrix": [
    [
      245,
      0,
      0,
      0,
      1,
      0,
      0,
      0,
      0,
      0,
      10,
      0
    ],
    [
      1,
      206,
      0,
      9,
      0,
      0,
      0,
      0,
      0,
      21,
      15,
      0
    ],
    [
      0,
      0,
      256,
      0,
      3,
      0,
      0,
      2,
      1,
      0,
      10,
      0
    ],
    [
      0,
      0,
      0,
      231,
      0,
      0,
      0,
      0,
      0,
      3,
      19,
      0
    ],
    [
      0,
      0,
      0,
      0,
      252,
      0,
      0,
      0,
      0,
      0,
      15,
      0
    ],
    [
      0,
      0,
      0,
      0,
      1,
      220,
      0,
      0,
      0,
      0,
      38,
      0
    ],
    [
      0,
      0,
      0,
      0,
      0,
      0,
      228,
      1,
      0,
      0,
      17,
      0
    ],
    [
      0,
      0,
      0,
      0,
      2,
      0,
      3,
      249,
      0,
      0,
      8,
      0
    ],
    [
      0,
      0,
      0,
      1,
      0,
      0,
      0,
      0,
      240,
      0,
      8,
      0
    ],
    [
      0,
      0,
      0,
      1,
      0,
      0,
      0,
      0,
      0,
      220,
      30,
      0
    ],
    [
      1,
      1,
      0,
      1,
      1,
      0,
      0,
      1,
      0,
      4,
      4259,
      0
    ],
    [
      0,
      0,
      0,
      0,
      0,
      0,
      0,
      0,
      0,
      0,
      0,
      0
    ]
  ],
  "confusion_matrix_normalized": [
    [
      0.95703125,
      0.0,
      0.0,
      0.0,
      0.00390625,
      0.0,
      0.0,
      0.0,
      0.0,
      0.0,
      0.0390625,
      0.0
    ],
    [
      0.003968253968253968,
      0.8174603174603174,
      0.0,
      0.03571428571428571,
      0.0,
      0.0,
      0.0,
      0.0,
      0.0,
      0.08333333333333333,
      0.05952380952380952,
      0.0
    ],
    [
      0.0,
      0.0,
      0.9411764705882353,
      0.0,
      0.011029411764705883,
      0.0,
      0.0,
      0.007352941176470588,
      0.003676470588235294,
      0.0,
      0.03676470588235294,
      0.0
    ],
    [
      0.0,
      0.0,
      0.0,
      0.9130434782608695,
      0.0,
      0.0,
      0.0,
      0.0,
      0.0,
      0.011857707509881422,
      0.07509881422924901,
      0.0
    ],
    [
      0.0,
      0.0,
      0.0,
      0.0,
      0.9438202247191011,
      0.0,
      0.0,
      0.0,
      0.0,
      0.0,
      0.056179775280898875,
      0.0
    ],
    [
      0.0,
      0.0,
      0.0,
      0.0,
      0.003861003861003861,
      0.8494208494208494,
      0.0,
      0.0,
      0.0,
      0.0,
      0.14671814671814673,
      0.0
    ],
    [
      0.0,
      0.0,
      0.0,
      0.0,
      0.0,
      0.0,
      0.926829268292683,
      0.0040650406504065045,
      0.0,
      0.0,
      0.06910569105691057,
      0.0
    ],
    [
      0.0,
      0.0,
      0.0,
      0.0,
      0.007633587786259542,
      0.0,
      0.011450381679389313,
      0.950381679389313,
      0.0,
      0.0,
      0.030534351145038167,
      0.0
    ],
    [
      0.0,
      0.0,
      0.0,
      0.004016064257028112,
      0.0,
      0.0,
      0.0,
      0.0,
      0.963855421686747,
      0.0,
      0.0321285140562249,
      0.0
    ],
    [
      0.0,
      0.0,
      0.0,
      0.00398406374501992,
      0.0,
      0.0,
      0.0,
      0.0,
      0.0,
      0.8764940239043825,
      0.11952191235059761,
      0.0
    ],
    [
      0.00023430178069353328,
      0.00023430178069353328,
      0.0,
      0.00023430178069353328,
      0.00023430178069353328,
      0.0,
      0.0,
      0.00023430178069353328,
      0.0,
      0.0009372071227741331,
      0.9978912839737581,
      0.0
    ],
    [
      0.0,
      0.0,
      0.0,
      0.0,
      0.0,
      0.0,
      0.0,
      0.0,
      0.0,
      0.0,
      0.0,
      0.0
    ]
  ],
  "per_class_metrics": [
    {
      "class_index": 0,
      "class_name": "yes",
      "precision": 0.9919028340080972,
      "recall": 0.95703125,
      "f1": 0.974155069582505,
      "support": 256
    },
    {
      "class_index": 1,
      "class_name": "no",
      "precision": 0.9951690821256038,
      "recall": 0.8174603174603174,
      "f1": 0.8976034858387799,
      "support": 252
    },
    {
      "class_index": 2,
      "class_name": "up",
      "precision": 1.0,
      "recall": 0.9411764705882353,
      "f1": 0.9696969696969697,
      "support": 272
    },
    {
      "class_index": 3,
      "class_name": "down",
      "precision": 0.9506172839506173,
      "recall": 0.9130434782608695,
      "f1": 0.9314516129032258,
      "support": 253
    },
    {
      "class_index": 4,
      "class_name": "left",
      "precision": 0.9692307692307692,
      "recall": 0.9438202247191011,
      "f1": 0.9563567362428842,
      "support": 267
    },
    {
      "class_index": 5,
      "class_name": "right",
      "precision": 1.0,
      "recall": 0.8494208494208494,
      "f1": 0.918580375782881,
      "support": 259
    },
    {
      "class_index": 6,
      "class_name": "on",
      "precision": 0.987012987012987,
      "recall": 0.926829268292683,
      "f1": 0.9559748427672956,
      "support": 246
    },
    {
      "class_index": 7,
      "class_name": "off",
      "precision": 0.9841897233201581,
      "recall": 0.950381679389313,
      "f1": 0.9669902912621359,
      "support": 262
    },
    {
      "class_index": 8,
      "class_name": "stop",
      "precision": 0.995850622406639,
      "recall": 0.963855421686747,
      "f1": 0.9795918367346939,
      "support": 249
    },
    {
      "class_index": 9,
      "class_name": "go",
      "precision": 0.8870967741935484,
      "recall": 0.8764940239043825,
      "f1": 0.8817635270541082,
      "support": 251
    },
    {
      "class_index": 10,
      "class_name": "unknown",
      "precision": 0.9616166177466696,
      "recall": 0.9978912839737581,
      "f1": 0.979418190180522,
      "support": 4268
    },
    {
      "class_index": 11,
      "class_name": "silence",
      "precision": 0.0,
      "recall": 0.0,
      "f1": 0.0,
      "support": 0
    }
  ],
  "top_confusions": [
    {
      "true_class": "right",
      "predicted_as": "unknown",
      "count": 38,
      "rate_within_true": 0.14671814671814673
    },
    {
      "true_class": "go",
      "predicted_as": "unknown",
      "count": 30,
      "rate_within_true": 0.11952191235059761
    },
    {
      "true_class": "no",
      "predicted_as": "go",
      "count": 21,
      "rate_within_true": 0.08333333333333333
    },
    {
      "true_class": "down",
      "predicted_as": "unknown",
      "count": 19,
      "rate_within_true": 0.07509881422924901
    },
    {
      "true_class": "on",
      "predicted_as": "unknown",
      "count": 17,
      "rate_within_true": 0.06910569105691057
    },
    {
      "true_class": "no",
      "predicted_as": "unknown",
      "count": 15,
      "rate_within_true": 0.05952380952380952
    },
    {
      "true_class": "left",
      "predicted_as": "unknown",
      "count": 15,
      "rate_within_true": 0.056179775280898875
    },
    {
      "true_class": "yes",
      "predicted_as": "unknown",
      "count": 10,
      "rate_within_true": 0.0390625
    },
    {
      "true_class": "up",
      "predicted_as": "unknown",
      "count": 10,
      "rate_within_true": 0.03676470588235294
    },
    {
      "true_class": "no",
      "predicted_as": "down",
      "count": 9,
      "rate_within_true": 0.03571428571428571
    },
    {
      "true_class": "off",
      "predicted_as": "unknown",
      "count": 8,
      "rate_within_true": 0.030534351145038167
    },
    {
      "true_class": "stop",
      "predicted_as": "unknown",
      "count": 8,