{
  "model": "mobilenetv2",
  "seed": 2026,
  "threshold": 0.5,
  "epochs_configured": 8,
  "best_epoch": 6,
  "best_val_acc": 0.974744608399546,
  "val_binary_metrics": {
    "precision": 0.9746419347264617,
    "recall": 0.9834162520729685,
    "f1": 0.9790094339622641,
    "acc": 0.974744608399546,
    "threshold": 0.5
  },
  "model_parameters": {
    "total": 2225858,
    "trainable": 2225858
  },
  "checkpoint": "outputs\\resnet18\\resnet18_full_unknown_detector_seed2026\\unknown_detector_seed2026.pt"
}