{
  "class_names": [
    "yes",
    "no",
    "up",
    "down",
    "left",
    "right",
    "on",
    "off",
    "stop",
    "go",
    "unknown",
    "silence"
  ],
  "confusion_matrix": [
    [
      248,
      0,
      0,
      0,
      1,
      0,
      0,
      0,
      0,
      0,
      7,
      0
    ],
    [
      0,
      241,
      0,
      0,
      0,
      0,
      0,
      0,
      0,
      0,
      11,
      0
    ],
    [
      0,
      0,
      259,
      0,
      0,
      0,
      0,
      2,
      2,
      0,
      9,
      0
    ],
    [
      0,
      4,
      0,
      236,
      0,
      0,
      0,
      0,
      0,
      4,
      9,
      0
    ],
    [
      0,
      0,
      0,
      0,
      261,
      1,
      0,
      0,
      0,
      0,
      5,
      0
    ],
    [
      0,
      0,
      0,
      0,
      1,
      241,
      0,
      0,
      0,
      0,
      17,
      0
    ],
    [
      0,
      0,
      1,
      0,
      0,
      0,
      235,
      1,
      0,
      0,
      9,
      0
    ],
    [
      0,
      0,
      1,
      0,
      1,
      0,
      0,
      252,
      0,
      0,
      8,
      0
    ],
    [
      0,
      0,
      0,
      0,
      0,
      0,
      0,
      0,
      246,
      0,
      3,
      0
    ],
    [
      0,
      4,
      2,
      1,
      0,
      0,
      0,
      1,
      0,
      229,
      14,
      0
    ],
    [
      0,
      5,
      2,
      4,
      3,
      7,
      9,
      1,
      0,
      4,
      4233,
      0
    ],
    [
      0,
      0,
      0,
      0,
      0,
      0,
      0,
      0,
      0,
      0,
      0,
      0
    ]
  ],
  "confusion_matrix_normalized": [
    [
      0.96875,
      0.0,
      0.0,
      0.0,
      0.00390625,
      0.0,
      0.0,
      0.0,
      0.0,
      0.0,
      0.02734375,
      0.0
    ],
    [
      0.0,
      0.9563492063492064,
      0.0,
      0.0,
      0.0,
      0.0,
      0.0,
      0.0,
      0.0,
      0.0,
      0.04365079365079365,
      0.0
    ],
    [
      0.0,
      0.0,
      0.9522058823529411,
      0.0,
      0.0,
      0.0,
      0.0,
      0.007352941176470588,
      0.007352941176470588,
      0.0,
      0.03308823529411765,
      0.0
    ],
    [
      0.0,
      0.015810276679841896,
      0.0,
      0.932806324110672,
      0.0,
      0.0,
      0.0,
      0.0,
      0.0,
      0.015810276679841896,
      0.03557312252964427,
      0.0
    ],
    [
      0.0,
      0.0,
      0.0,
      0.0,
      0.9775280898876404,
      0.003745318352059925,
      0.0,
      0.0,
      0.0,
      0.0,
      0.018726591760299626,
      0.0
    ],
    [
      0.0,
      0.0,
      0.0,
      0.0,
      0.003861003861003861,
      0.9305019305019305,
      0.0,
      0.0,
      0.0,
      0.0,
      0.06563706563706563,
      0.0
    ],
    [
      0.0,
      0.0,
      0.0040650406504065045,
      0.0,
      0.0,
      0.0,
      0.9552845528455285,
      0.0040650406504065045,
      0.0,
      0.0,
      0.036585365853658534,
      0.0
    ],
    [
      0.0,
      0.0,
      0.003816793893129771,
      0.0,
      0.003816793893129771,
      0.0,
      0.0,
      0.9618320610687023,
      0.0,
      0.0,
      0.030534351145038167,
      0.0
    ],
    [
      0.0,
      0.0,
      0.0,
      0.0,
      0.0,
      0.0,
      0.0,
      0.0,
      0.9879518072289156,
      0.0,
      0.012048192771084338,
      0.0
    ],
    [
      0.0,
      0.01593625498007968,
      0.00796812749003984,
      0.00398406374501992,
      0.0,
      0.0,
      0.0,
      0.00398406374501992,
      0.0,
      0.9123505976095617,
      0.055776892430278883,
      0.0
    ],
    [
      0.0,
      0.0011715089034676663,
      0.00046860356138706655,
      0.0009372071227741331,
      0.0007029053420805998,
      0.0016401124648547328,
      0.0021087160262417996,
      0.00023430178069353328,
      0.0,
      0.0009372071227741331,
      0.9917994376757263,
      0.0
    ],
    [
      0.0,
      0.0,
      0.0,
      0.0,
      0.0,
      0.0,
      0.0,
      0.0,
      0.0,
      0.0,
      0.0,
      0.0
    ]
  ],
  "per_class_metrics": [
    {
      "class_index": 0,
      "class_name": "yes",
      "precision": 1.0,
      "recall": 0.96875,
      "f1": 0.9841269841269841,
      "support": 256
    },
    {
      "class_index": 1,
      "class_name": "no",
      "precision": 0.9488188976377953,
      "recall": 0.9563492063492064,
      "f1": 0.9525691699604744,
      "support": 252
    },
    {
      "class_index": 2,
      "class_name": "up",
      "precision": 0.9773584905660377,
      "recall": 0.9522058823529411,
      "f1": 0.9646182495344506,
      "support": 272
    },
    {
      "class_index": 3,
      "class_name": "down",
      "precision": 0.979253112033195,
      "recall": 0.932806324110672,
      "f1": 0.9554655870445344,
      "support": 253
    },
    {
      "class_index": 4,
      "class_name": "left",
      "precision": 0.9775280898876404,
      "recall": 0.9775280898876404,
      "f1": 0.9775280898876404,
      "support": 267
    },
    {
      "class_index": 5,
      "class_name": "right",
      "precision": 0.9678714859437751,
      "recall": 0.9305019305019305,
      "f1": 0.9488188976377953,
      "support": 259
    },
    {
      "class_index": 6,
      "class_name": "on",
      "precision": 0.9631147540983607,
      "recall": 0.9552845528455285,
      "f1": 0.9591836734693877,
      "support": 246
    },
    {
      "class_index": 7,
      "class_name": "off",
      "precision": 0.980544747081712,
      "recall": 0.9618320610687023,
      "f1": 0.9710982658959537,
      "support": 262
    },
    {
      "class_index": 8,
      "class_name": "stop",
      "precision": 0.9919354838709677,
      "recall": 0.9879518072289156,
      "f1": 0.9899396378269618,
      "support": 249
    },
    {
      "class_index": 9,
      "class_name": "go",
      "precision": 0.9662447257383966,
      "recall": 0.9123505976095617,
      "f1": 0.9385245901639344,
      "support": 251
    },
    {
      "class_index": 10,
      "class_name": "unknown",
      "precision": 0.978728323699422,
      "recall": 0.9917994376757263,
      "f1": 0.9852205283370185,
      "support": 4268
    },
    {
      "class_index": 11,
      "class_name": "silence",
      "precision": 0.0,
      "recall": 0.0,
      "f1": 0.0,
      "support": 0
    }
  ],
  "top_confusions": [
    {
      "true_class": "right",
      "predicted_as": "unknown",
      "count": 17,
      "rate_within_true": 0.06563706563706563
    },
    {
      "true_class": "go",
      "predicted_as": "unknown",
      "count": 14,
      "rate_within_true": 0.055776892430278883
    },
    {
      "true_class": "no",
      "predicted_as": "unknown",
      "count": 11,
      "rate_within_true": 0.04365079365079365
    },
    {
      "true_class": "up",
      "predicted_as": "unknown",
      "count": 9,
      "rate_within_true": 0.03308823529411765
    },
    {
      "true_class": "down",
      "predicted_as": "unknown",
      "count": 9,
      "rate_within_true": 0.03557312252964427
    },
    {
      "true_class": "on",
      "predicted_as": "unknown",
      "count": 9,
      "rate_within_true": 0.036585365853658534
    },
    {
      "true_class": "unknown",
      "predicted_as": "on",
      "count": 9,
      "rate_within_true": 0.0021087160262417996
    },
    {
      "true_class": "off",
      "predicted_as": "unknown",
      "count": 8,
      "rate_within_true": 0.030534351145038167
    },
    {
      "true_class": "yes",
      "predicted_as": "unknown",
      "count": 7,
      "rate_within_true": 0.02734375
    },
    {
      "true_class": "unknown",
      "predicted_as": "right",
      "count": 7,
      "rate_within_true": 0.0016401124648547328
    },
    {
      "true_class": "left",
      "predicted_as": "unknown",
      "count": 5,
      "rate_within_true": 0.018726591760299626
    },
    {
      "true_class": "unknown",
      "predicted_as": "no",