{
  "model": "resnet18",
  "experiment_name": "resnet18_full_balancing_undersample",
  "seeds": [
    42,
    123,
    2026,
    2137
  ],
  "num_runs": 4,
  "aggregate": {
    "best_validation": {
      "acc": {
        "mean": 0.9655576049943246,
        "std": 0.0015747710613240157,
        "min": 0.9641032917139614,
        "max": 0.9682179341657208,
        "n": 4
      },
      "loss": {
        "mean": 0.12350925465697374,
        "std": 0.0034332123687175046,
        "min": 0.11949354867177628,
        "max": 0.12893454373032426,
        "n": 4
      },
      "macro_precision": {
        "mean": 0.9496860336345158,
        "std": 0.0058685545356898005,
        "min": 0.9443507170829141,
        "max": 0.9590629283077106,
        "n": 4
      },
      "macro_recall": {
        "mean": 0.9474395843404355,
        "std": 0.002910903789335964,
        "min": 0.943241310782042,
        "max": 0.9513213574128625,
        "n": 4
      },
      "macro_f1": {
        "mean": 0.9480126989875167,
        "std": 0.003280045419347284,
        "min": 0.945220309168438,
        "max": 0.9534606198188985,
        "n": 4
      }
    },
    "test": {
      "acc": {
        "mean": 0.9584491587417703,
        "std": 0.01597850686949532,
        "min": 0.9318215069495245,
        "max": 0.9743964886613021,
        "n": 4
      },
      "loss": {
        "mean": 0.13311213889529203,
        "std": 0.048369170800532484,
        "min": 0.08835516154286455,
        "max": 0.21467572915222669,
        "n": 4
      },
      "macro_precision": {
        "mean": 0.9183656923006869,
        "std": 0.039357814463455175,
        "min": 0.863613707067942,
        "max": 0.9663980613498026,
        "n": 4
      },
      "macro_recall": {
        "mean": 0.9205479084575154,
        "std": 0.035671500399517726,
        "min": 0.8647014288859789,
        "max": 0.9571342569983458,
        "n": 4
      },
      "macro_f1": {
        "mean": 0.9176746651183915,
        "std": 0.03787894020036238,
        "min": 0.8634277659557424,
        "max": 0.9615886194847558,
        "n": 4
      },
      "inference_latency_ms": {
        "mean": 0.5295692794433472,
        "std": 0.0727813354538762,
        "min": 0.45850705193885666,
        "max": 0.6472774981702889,
        "n": 4
      }
    },
    "timing": {
      "total_training_time_sec": {
        "mean": 2084.75089854002,
        "std": 444.8027016863138,
        "min": 1582.235876083374,
        "max": 2709.2585933208466,
        "n": 4
      },
      "mean_epoch_time_seconds": {
        "mean": 109.6137309097431,
        "std": 29.619329251844526,
        "min": 67.07873210040006,
        "max": 145.6537452220917,
        "n": 4
      },
      "max_epoch_time_seconds": {
        "mean": 332.57862997055054,
        "std": 64.33829578690721,
        "min": 283.9957823753357,
        "max": 442.9132766723633,
        "n": 4
      }
    },
    "model_parameters": {
      "total": {
        "mean": 11176396.0,
        "std": 0.0,
        "min": 11176396.0,
        "max": 11176396.0,
        "n": 4
      },
      "trainable": {
        "mean": 11176396.0,
        "std": 0.0,
        "min": 11176396.0,
        "max": 11176396.0,
        "n": 4
      }
    },
    "unknown_silence_analysis": {
      "unknown": {
        "precision": {
          "mean": 0.9781178521559475,
          "std": 0.004451521914025648,
          "min": 0.9705811429949361,
          "max": 0.9821176470588235,
          "n": 4
        },
        "recall": {
          "mean": 0.9711223055295222,
          "std": 0.016605183083270976,
          "min": 0.9430646672914714,
          "max": 0.9864104967197751,
          "n": 4
        }
      },
      "silence": {
        "precision": {
          "mean": 0.0,
          "std": 0.0,
          "min": 0.0,
          "max": 0.0,
          "n": 4
        },
        "recall": {
          "mean": 0.0,
          "std": 0.0,
          "min": 0.0,
          "max": 0.0,
          "n": 4
        }
      }
    }
  },
  "per_seed_runs": [
    {
      "seed": 42,
      "experiment_name": "resnet18_full_balancing_undersample_seed42",
      "run_output_dir": "outputs\\resnet18\\resnet18_full_balancing_undersample_seed42",
      "summary_path": "outputs\\resnet18\\resnet18_full_balancing_undersample_seed42\\summary_seed42.json",
      "artifacts": {
        "checkpoint": "outputs\\resnet18\\resnet18_full_balancing_undersample_seed42\\best_model_seed42.pt",
        "history_csv": "outputs\\resnet18\\resnet18_full_balancing_undersample_seed42\\history_seed42.csv",
        "summary_json": "outputs\\resnet18\\resnet18_full_balancing_undersample_seed42\\summary_seed42.json",
        "config_yaml": "outputs\\resnet18\\resnet18_full_balancing_undersample_seed42\\config_seed42.yaml",
        "confusion_matrix_json": "outputs\\resnet18\\resnet18_full_balancing_undersample_seed42\\confusion_matrix_seed42.json",
        "confusion_matrix_png": "outputs\\resnet18\\resnet18_full_balancing_undersample_seed42\\confusion_matrix_seed42.png",
        "error_analysis_json": "outputs\\resnet18\\resnet18_full_balancing_undersample_seed42\\error_analysis_seed42.json",
        "unknown_detector_checkpoint": "outputs\\resnet18\\resnet18_full_balancing_undersample_seed42\\unknown_detector_seed42.pt",
        "unknown_detector_summary_json": "outputs\\resnet18\\resnet18_full_balancing_undersample_seed42\\unknown_detector_summary_seed42.json"
      },
      "epochs": {
        "configured": 40,
        "ran": 22,
        "early_stopped": true,
        "best_epoch": 13
      },
      "best_validation": {
        "acc": 0.9649545970488081,
        "loss": 0.12893454373032426,
        "macro_precision": 0.9450961205908208,
        "macro_recall": 0.9513213574128625,
        "macro_f1": 0.9476927993073994
      },
      "test": {
        "loss": 0.21467572915222669,
        "acc": 0.9318215069495245,
        "macro_precision": 0.9008846120580969,
        "macro_recall": 0.9152287723342187,
        "macro_f1": 0.9026580986983177,
        "inference_time_sec": 3.1338957000020855,
        "inference_latency_ms": 0.45850705193885666,
        "used_separate_unknown_detector": false
      },
      "timing": {
        "total_training_time_sec": 1582.235876083374,
        "mean_epoch_time_seconds": 67.07873210040006,
        "max_epoch_time_seconds": 294.0543472766876
      },
      "model_parameters": {
        "total": 11176396,
        "trainable": 11176396
      },
      "unknown_silence_analysis": {
        "unknown": {
          "precision": 0.9705811429949361,
          "recall": 0.9430646672914714,
          "support": 4268,
          "predicted_total": 4147,
          "most_confused_as": "right",
          "most_common_source_as_prediction": "on"
        },
        "silence": {
          "precision": 0.0,
          "recall": 0.0,
          "support": 0,
          "predicted_total": 0,
          "most_confused_as": null,
          "most_common_source_as_prediction": null
        }
      }
    },
    {
      "seed": 123,
      "experiment_name": "resnet18_full_balancing_undersample_seed123",
      "run_output_dir": "outputs\\resnet18\\resnet18_full_balancing_undersample_seed123",
      "summary_path": "outputs\\resnet18\\resnet18_full_balancing_undersample_seed123\\summary_seed123.json",
      "artifacts": {
        "checkpoint": "outputs\\resnet18\\resnet18_full_balancing_undersample_seed123\\best_model_seed123.pt",
        "history_csv": "outputs\\resnet18\\resnet18_full_balancing_undersample_seed123\\history_seed123.csv",
        "summary_json": "outputs\\resnet18\\resnet18_full_balancing_undersample_seed123\\summary_seed123.json",
        "config_yaml": "outputs\\resnet18\\resnet18_full_balancing_undersample_seed123\\config_seed123.yaml",
        "confusion_matrix_json": "outputs\\resnet18\\resnet18_full_balancing_undersample_seed123\\confusion_matrix_seed123.json",