{
  "class_names": [
    "yes",
    "no",
    "up",
    "down",
    "left",
    "right",
    "on",
    "off",
    "stop",
    "go",
    "unknown",
    "silence"
  ],
  "confusion_matrix": [
    [
      245,
      1,
      0,
      0,
      2,
      0,
      0,
      0,
      0,
      0,
      8,
      0
    ],
    [
      0,
      224,
      0,
      4,
      0,
      0,
      0,
      0,
      0,
      11,
      13,
      0
    ],
    [
      0,
      0,
      260,
      0,
      0,
      0,
      0,
      2,
      1,
      1,
      8,
      0
    ],
    [
      0,
      1,
      0,
      234,
      0,
      0,
      0,
      0,
      0,
      10,
      8,
      0
    ],
    [
      1,
      1,
      0,
      0,
      258,
      0,
      0,
      0,
      0,
      0,
      7,
      0
    ],
    [
      0,
      0,
      0,
      0,
      0,
      229,
      0,
      0,
      0,
      0,
      30,
      0
    ],
    [
      0,
      0,
      0,
      0,
      0,
      0,
      232,
      4,
      0,
      0,
      10,
      0
    ],
    [
      0,
      0,
      2,
      0,
      1,
      0,
      0,
      249,
      0,
      2,
      8,
      0
    ],
    [
      0,
      0,
      0,
      1,
      0,
      0,
      0,
      0,
      245,
      0,
      3,
      0
    ],
    [
      0,
      2,
      1,
      0,
      0,
      0,
      0,
      0,
      1,
      234,
      13,
      0
    ],
    [
      1,
      4,
      0,
      7,
      0,
      5,
      7,
      1,
      0,
      14,
      4229,
      0
    ],
    [
      0,
      0,
      0,
      0,
      0,
      0,
      0,
      0,
      0,
      0,
      0,
      0
    ]
  ],
  "confusion_matrix_normalized": [
    [
      0.95703125,
      0.00390625,
      0.0,
      0.0,
      0.0078125,
      0.0,
      0.0,
      0.0,
      0.0,
      0.0,
      0.03125,
      0.0
    ],
    [
      0.0,
      0.8888888888888888,
      0.0,
      0.015873015873015872,
      0.0,
      0.0,
      0.0,
      0.0,
      0.0,
      0.04365079365079365,
      0.051587301587301584,
      0.0
    ],
    [
      0.0,
      0.0,
      0.9558823529411765,
      0.0,
      0.0,
      0.0,
      0.0,
      0.007352941176470588,
      0.003676470588235294,
      0.003676470588235294,
      0.029411764705882353,
      0.0
    ],
    [
      0.0,
      0.003952569169960474,
      0.0,
      0.924901185770751,
      0.0,
      0.0,
      0.0,
      0.0,
      0.0,
      0.039525691699604744,
      0.03162055335968379,
      0.0
    ],
    [
      0.003745318352059925,
      0.003745318352059925,
      0.0,
      0.0,
      0.9662921348314607,
      0.0,
      0.0,
      0.0,
      0.0,
      0.0,
      0.026217228464419477,
      0.0
    ],
    [
      0.0,
      0.0,
      0.0,
      0.0,
      0.0,
      0.8841698841698842,
      0.0,
      0.0,
      0.0,
      0.0,
      0.11583011583011583,
      0.0
    ],
    [
      0.0,
      0.0,
      0.0,
      0.0,
      0.0,
      0.0,
      0.943089430894309,
      0.016260162601626018,
      0.0,
      0.0,
      0.04065040650406504,
      0.0
    ],
    [
      0.0,
      0.0,
      0.007633587786259542,
      0.0,
      0.003816793893129771,
      0.0,
      0.0,
      0.950381679389313,
      0.0,
      0.007633587786259542,
      0.030534351145038167,
      0.0
    ],
    [
      0.0,
      0.0,
      0.0,
      0.004016064257028112,
      0.0,
      0.0,
      0.0,
      0.0,
      0.9839357429718876,
      0.0,
      0.012048192771084338,
      0.0
    ],
    [
      0.0,
      0.00796812749003984,
      0.00398406374501992,
      0.0,
      0.0,
      0.0,
      0.0,
      0.0,
      0.00398406374501992,
      0.9322709163346613,
      0.05179282868525897,
      0.0
    ],
    [
      0.00023430178069353328,
      0.0009372071227741331,
      0.0,
      0.0016401124648547328,
      0.0,
      0.0011715089034676663,
      0.0016401124648547328,
      0.00023430178069353328,
      0.0,
      0.0032802249297094657,
      0.9908622305529522,
      0.0
    ],
    [
      0.0,
      0.0,
      0.0,
      0.0,
      0.0,
      0.0,
      0.0,
      0.0,
      0.0,
      0.0,
      0.0,
      0.0
    ]
  ],
  "per_class_metrics": [
    {
      "class_index": 0,
      "class_name": "yes",
      "precision": 0.9919028340080972,
      "recall": 0.95703125,
      "f1": 0.974155069582505,
      "support": 256
    },
    {
      "class_index": 1,
      "class_name": "no",
      "precision": 0.9613733905579399,
      "recall": 0.8888888888888888,
      "f1": 0.9237113402061856,
      "support": 252
    },
    {
      "class_index": 2,
      "class_name": "up",
      "precision": 0.9885931558935361,
      "recall": 0.9558823529411765,
      "f1": 0.9719626168224299,
      "support": 272
    },
    {
      "class_index": 3,
      "class_name": "down",
      "precision": 0.9512195121951219,
      "recall": 0.924901185770751,
      "f1": 0.9378757515030061,
      "support": 253
    },
    {
      "class_index": 4,
      "class_name": "left",
      "precision": 0.9885057471264368,
      "recall": 0.9662921348314607,
      "f1": 0.9772727272727273,
      "support": 267
    },
    {
      "class_index": 5,
      "class_name": "right",
      "precision": 0.9786324786324786,
      "recall": 0.8841698841698842,
      "f1": 0.9290060851926978,
      "support": 259
    },
    {
      "class_index": 6,
      "class_name": "on",
      "precision": 0.9707112970711297,
      "recall": 0.943089430894309,
      "f1": 0.9567010309278351,
      "support": 246
    },
    {
      "class_index": 7,
      "class_name": "off",
      "precision": 0.97265625,
      "recall": 0.950381679389313,
      "f1": 0.9613899613899614,
      "support": 262
    },
    {
      "class_index": 8,
      "class_name": "stop",
      "precision": 0.9919028340080972,
      "recall": 0.9839357429718876,
      "f1": 0.9879032258064516,
      "support": 249
    },
    {
      "class_index": 9,
      "class_name": "go",
      "precision": 0.8602941176470589,
      "recall": 0.9322709163346613,
      "f1": 0.8948374760994264,
      "support": 251
    },
    {
      "class_index": 10,
      "class_name": "unknown",
      "precision": 0.9750979940050726,
      "recall": 0.9908622305529522,
      "f1": 0.9829169087739686,
      "support": 4268
    },
    {
      "class_index": 11,
      "class_name": "silence",
      "precision": 0.0,
      "recall": 0.0,
      "f1": 0.0,
      "support": 0
    }
  ],
  "top_confusions": [
    {
      "true_class": "right",
      "predicted_as": "unknown",
      "count": 30,
      "rate_within_true": 0.11583011583011583
    },
    {
      "true_class": "unknown",
      "predicted_as": "go",
      "count": 14,
      "rate_within_true": 0.0032802249297094657
    },
    {
      "true_class": "no",
      "predicted_as": "unknown",
      "count": 13,
      "rate_within_true": 0.051587301587301584
    },
    {
      "true_class": "go",
      "predicted_as": "unknown",
      "count": 13,
      "rate_within_true": 0.05179282868525897
    },
    {
      "true_class": "no",
      "predicted_as": "go",
      "count": 11,
      "rate_within_true": 0.04365079365079365
    },
    {
      "true_class": "down",
      "predicted_as": "go",
      "count": 10,
      "rate_within_true": 0.039525691699604744
    },
    {
      "true_class": "on",
      "predicted_as": "unknown",
      "count": 10,
      "rate_within_true": 0.04065040650406504
    },
    {
      "true_class": "yes",
      "predicted_as": "unknown",
      "count": 8,
      "rate_within_true": 0.03125
    },
    {
      "true_class": "up",
      "predicted_as": "unknown",
      "count": 8,
      "rate_within_true": 0.029411764705882353
    },
    {
      "true_class": "down",
      "predicted_as": "unknown",
      "count": 8,
      "rate_within_true": 0.03162055335968379
    },
    {
      "true_class": "off",
      "predicted_as": "unknown",
      "count": 8,
      "rate_within_true": 0.030534351145038167
    },
    {
      "true_class": "left",