{
  "class_names": [
    "yes",
    "no",
    "up",
    "down",
    "left",
    "right",
    "on",
    "off",
    "stop",
    "go",
    "unknown",
    "silence"
  ],
  "confusion_matrix": [
    [
      241,
      0,
      0,
      1,
      7,
      0,
      0,
      0,
      0,
      0,
      7,
      0
    ],
    [
      0,
      228,
      0,
      5,
      0,
      0,
      0,
      0,
      0,
      3,
      16,
      0
    ],
    [
      0,
      1,
      260,
      0,
      0,
      0,
      0,
      3,
      0,
      0,
      8,
      0
    ],
    [
      0,
      1,
      0,
      240,
      0,
      0,
      0,
      0,
      0,
      3,
      9,
      0
    ],
    [
      0,
      0,
      0,
      0,
      260,
      1,
      0,
      0,
      0,
      0,
      6,
      0
    ],
    [
      0,
      0,
      0,
      0,
      1,
      242,
      0,
      0,
      0,
      1,
      15,
      0
    ],
    [
      0,
      0,
      0,
      1,
      0,
      0,
      234,
      0,
      0,
      0,
      11,
      0
    ],
    [
      0,
      0,
      3,
      0,
      1,
      0,
      1,
      252,
      0,
      0,
      5,
      0
    ],
    [
      0,
      0,
      0,
      0,
      0,
      0,
      0,
      0,
      246,
      0,
      3,
      0
    ],
    [
      0,
      1,
      2,
      0,
      1,
      0,
      0,
      0,
      0,
      231,
      16,
      0
    ],
    [
      0,
      1,
      0,
      9,
      5,
      3,
      4,
      0,
      1,
      6,
      4239,
      0
    ],
    [
      0,
      0,
      0,
      0,
      0,
      0,
      0,
      0,
      0,
      0,
      0,
      0
    ]
  ],
  "confusion_matrix_normalized": [
    [
      0.94140625,
      0.0,
      0.0,
      0.00390625,
      0.02734375,
      0.0,
      0.0,
      0.0,
      0.0,
      0.0,
      0.02734375,
      0.0
    ],
    [
      0.0,
      0.9047619047619048,
      0.0,
      0.01984126984126984,
      0.0,
      0.0,
      0.0,
      0.0,
      0.0,
      0.011904761904761904,
      0.06349206349206349,
      0.0
    ],
    [
      0.0,
      0.003676470588235294,
      0.9558823529411765,
      0.0,
      0.0,
      0.0,
      0.0,
      0.011029411764705883,
      0.0,
      0.0,
      0.029411764705882353,
      0.0
    ],
    [
      0.0,
      0.003952569169960474,
      0.0,
      0.9486166007905138,
      0.0,
      0.0,
      0.0,
      0.0,
      0.0,
      0.011857707509881422,
      0.03557312252964427,
      0.0
    ],
    [
      0.0,
      0.0,
      0.0,
      0.0,
      0.9737827715355806,
      0.003745318352059925,
      0.0,
      0.0,
      0.0,
      0.0,
      0.02247191011235955,
      0.0
    ],
    [
      0.0,
      0.0,
      0.0,
      0.0,
      0.003861003861003861,
      0.9343629343629344,
      0.0,
      0.0,
      0.0,
      0.003861003861003861,
      0.05791505791505792,
      0.0
    ],
    [
      0.0,
      0.0,
      0.0,
      0.0040650406504065045,
      0.0,
      0.0,
      0.9512195121951219,
      0.0,
      0.0,
      0.0,
      0.044715447154471545,
      0.0
    ],
    [
      0.0,
      0.0,
      0.011450381679389313,
      0.0,
      0.003816793893129771,
      0.0,
      0.003816793893129771,
      0.9618320610687023,
      0.0,
      0.0,
      0.019083969465648856,
      0.0
    ],
    [
      0.0,
      0.0,
      0.0,
      0.0,
      0.0,
      0.0,
      0.0,
      0.0,
      0.9879518072289156,
      0.0,
      0.012048192771084338,
      0.0
    ],
    [
      0.0,
      0.00398406374501992,
      0.00796812749003984,
      0.0,
      0.00398406374501992,
      0.0,
      0.0,
      0.0,
      0.0,
      0.9203187250996016,
      0.06374501992031872,
      0.0
    ],
    [
      0.0,
      0.00023430178069353328,
      0.0,
      0.0021087160262417996,
      0.0011715089034676663,
      0.0007029053420805998,
      0.0009372071227741331,
      0.0,
      0.00023430178069353328,
      0.0014058106841611997,
      0.9932052483598875,
      0.0
    ],
    [
      0.0,
      0.0,
      0.0,
      0.0,
      0.0,
      0.0,
      0.0,
      0.0,
      0.0,
      0.0,
      0.0,
      0.0
    ]
  ],
  "per_class_metrics": [
    {
      "class_index": 0,
      "class_name": "yes",
      "precision": 1.0,
      "recall": 0.94140625,
      "f1": 0.9698189134808853,
      "support": 256
    },
    {
      "class_index": 1,
      "class_name": "no",
      "precision": 0.9827586206896551,
      "recall": 0.9047619047619048,
      "f1": 0.9421487603305785,
      "support": 252
    },
    {
      "class_index": 2,
      "class_name": "up",
      "precision": 0.9811320754716981,
      "recall": 0.9558823529411765,
      "f1": 0.9683426443202979,
      "support": 272
    },
    {
      "class_index": 3,
      "class_name": "down",
      "precision": 0.9375,
      "recall": 0.9486166007905138,
      "f1": 0.9430255402750491,
      "support": 253
    },
    {
      "class_index": 4,
      "class_name": "left",
      "precision": 0.9454545454545454,
      "recall": 0.9737827715355806,
      "f1": 0.959409594095941,
      "support": 267
    },
    {
      "class_index": 5,
      "class_name": "right",
      "precision": 0.983739837398374,
      "recall": 0.9343629343629344,
      "f1": 0.9584158415841584,
      "support": 259
    },
    {
      "class_index": 6,
      "class_name": "on",
      "precision": 0.9790794979079498,
      "recall": 0.9512195121951219,
      "f1": 0.9649484536082474,
      "support": 246
    },
    {
      "class_index": 7,
      "class_name": "off",
      "precision": 0.9882352941176471,
      "recall": 0.9618320610687023,
      "f1": 0.9748549323017408,
      "support": 262
    },
    {
      "class_index": 8,
      "class_name": "stop",
      "precision": 0.9959514170040485,
      "recall": 0.9879518072289156,
      "f1": 0.9919354838709677,
      "support": 249
    },
    {
      "class_index": 9,
      "class_name": "go",
      "precision": 0.9467213114754098,
      "recall": 0.9203187250996016,
      "f1": 0.9333333333333333,
      "support": 251
    },
    {
      "class_index": 10,
      "class_name": "unknown",
      "precision": 0.9778546712802768,
      "recall": 0.9932052483598875,
      "f1": 0.9854701848192491,
      "support": 4268
    },
    {
      "class_index": 11,
      "class_name": "silence",
      "precision": 0.0,
      "recall": 0.0,
      "f1": 0.0,
      "support": 0
    }
  ],
  "top_confusions": [
    {
      "true_class": "no",
      "predicted_as": "unknown",
      "count": 16,
      "rate_within_true": 0.06349206349206349
    },
    {
      "true_class": "go",
      "predicted_as": "unknown",
      "count": 16,
      "rate_within_true": 0.06374501992031872
    },
    {
      "true_class": "right",
      "predicted_as": "unknown",
      "count": 15,
      "rate_within_true": 0.05791505791505792
    },
    {
      "true_class": "on",
      "predicted_as": "unknown",
      "count": 11,
      "rate_within_true": 0.044715447154471545
    },
    {
      "true_class": "down",
      "predicted_as": "unknown",
      "count": 9,
      "rate_within_true": 0.03557312252964427
    },
    {
      "true_class": "unknown",
      "predicted_as": "down",
      "count": 9,
      "rate_within_true": 0.0021087160262417996
    },
    {
      "true_class": "up",
      "predicted_as": "unknown",
      "count": 8,
      "rate_within_true": 0.029411764705882353
    },
    {
      "true_class": "yes",
      "predicted_as": "left",
      "count": 7,
      "rate_within_true": 0.02734375
    },
    {
      "true_class": "yes",
      "predicted_as": "unknown",
      "count": 7,
      "rate_within_true": 0.02734375
    },
    {
      "true_class": "left",
      "predicted_as": "unknown",
      "count": 6,
      "rate_within_true": 0.02247191011235955
    },
    {
      "true_class": "unknown",
      "predicted_as": "go",
      "count": 6,
      "rate_within_true": 0.0014058106841611997
    },
    {
      "true_class": "no",
      "predicted_as": "down",