{
  "model": "resnet18",
  "experiment_name": "resnet18_full_dropout_p03",
  "seeds": [
    42,
    123,
    2026,
    2137
  ],
  "num_runs": 4,
  "aggregate": {
    "best_validation": {
      "acc": {
        "mean": 0.9696722474460839,
        "std": 0.0004638442405867902,
        "min": 0.968927355278093,
        "max": 0.9702043132803633,
        "n": 4
      },
      "loss": {
        "mean": 0.11221558967844666,
        "std": 0.006456674007363743,
        "min": 0.10515689471515281,
        "max": 0.12216304134158282,
        "n": 4
      },
      "macro_precision": {
        "mean": 0.9659574829766342,
        "std": 0.003965838065525017,
        "min": 0.9599646927558348,
        "max": 0.9697179917808656,
        "n": 4
      },
      "macro_recall": {
        "mean": 0.9438395260917534,
        "std": 0.00336680858172645,
        "min": 0.9403144446427891,
        "max": 0.9493761947750735,
        "n": 4
      },
      "macro_f1": {
        "mean": 0.9543626328310068,
        "std": 0.0009369375661649303,
        "min": 0.9532224659911482,
        "max": 0.9558240428870114,
        "n": 4
      }
    },
    "test": {
      "acc": {
        "mean": 0.971616678858815,
        "std": 0.001544894812139216,
        "min": 0.9691294806144842,
        "max": 0.9732260424286759,
        "n": 4
      },
      "loss": {
        "mean": 0.10586251260312655,
        "std": 0.006710878730426379,
        "min": 0.09637465361661081,
        "max": 0.11464005826458733,
        "n": 4
      },
      "macro_precision": {
        "mean": 0.9709527614604732,
        "std": 0.004964487994883159,
        "min": 0.9627167642321204,
        "max": 0.9758185304844574,
        "n": 4
      },
      "macro_recall": {
        "mean": 0.9436978084177233,
        "std": 0.0037096707355626785,
        "min": 0.9378996950139222,
        "max": 0.9482343255833066,
        "n": 4
      },
      "macro_f1": {
        "mean": 0.9566883807135592,
        "std": 0.0023201021531078685,
        "min": 0.9537028325907585,
        "max": 0.9595492873843486,
        "n": 4
      },
      "inference_latency_ms": {
        "mean": 0.622760358428509,
        "std": 0.0638291449394991,
        "min": 0.5524191512823671,
        "max": 0.7247341623537967,
        "n": 4
      }
    },
    "timing": {
      "total_training_time_sec": {
        "mean": 4754.448961019516,
        "std": 1148.3880989465583,
        "min": 3642.789516687393,
        "max": 6381.609700679779,
        "n": 4
      },
      "mean_epoch_time_seconds": {
        "mean": 196.8245013507611,
        "std": 26.612893857008167,
        "min": 162.81358183513987,
        "max": 234.5423220612786,
        "n": 4
      },
      "max_epoch_time_seconds": {
        "mean": 509.64236211776733,
        "std": 19.89142448709543,
        "min": 490.4157953262329,
        "max": 542.8854837417603,
        "n": 4
      }
    },
    "model_parameters": {
      "total": {
        "mean": 11176396.0,
        "std": 0.0,
        "min": 11176396.0,
        "max": 11176396.0,
        "n": 4
      },
      "trainable": {
        "mean": 11176396.0,
        "std": 0.0,
        "min": 11176396.0,
        "max": 11176396.0,
        "n": 4
      }
    },
    "unknown_silence_analysis": {
      "unknown": {
        "precision": {
          "mean": 0.9722689520124566,
          "std": 0.0035678383887003465,
          "min": 0.9677493138151876,
          "max": 0.9777417111059588,
          "n": 4
        },
        "recall": {
          "mean": 0.9912722586691659,
          "std": 0.0020044445445487995,
          "min": 0.9880506091846298,
          "max": 0.993439550140581,
          "n": 4
        }
      },
      "silence": {
        "precision": {
          "mean": 0.0,
          "std": 0.0,
          "min": 0.0,
          "max": 0.0,
          "n": 4
        },
        "recall": {
          "mean": 0.0,
          "std": 0.0,
          "min": 0.0,
          "max": 0.0,
          "n": 4
        }
      }
    }
  },
  "per_seed_runs": [
    {
      "seed": 42,
      "experiment_name": "resnet18_full_dropout_p03_seed42",
      "run_output_dir": "outputs\\resnet18\\resnet18_full_dropout_p03_seed42",
      "summary_path": "outputs\\resnet18\\resnet18_full_dropout_p03_seed42\\summary_seed42.json",
      "artifacts": {
        "checkpoint": "outputs\\resnet18\\resnet18_full_dropout_p03_seed42\\best_model_seed42.pt",
        "history_csv": "outputs\\resnet18\\resnet18_full_dropout_p03_seed42\\history_seed42.csv",
        "summary_json": "outputs\\resnet18\\resnet18_full_dropout_p03_seed42\\summary_seed42.json",
        "config_yaml": "outputs\\resnet18\\resnet18_full_dropout_p03_seed42\\config_seed42.yaml",
        "confusion_matrix_json": "outputs\\resnet18\\resnet18_full_dropout_p03_seed42\\confusion_matrix_seed42.json",
        "confusion_matrix_png": "outputs\\resnet18\\resnet18_full_dropout_p03_seed42\\confusion_matrix_seed42.png",
        "error_analysis_json": "outputs\\resnet18\\resnet18_full_dropout_p03_seed42\\error_analysis_seed42.json",
        "unknown_detector_checkpoint": "outputs\\resnet18\\resnet18_full_dropout_p03_seed42\\unknown_detector_seed42.pt",
        "unknown_detector_summary_json": "outputs\\resnet18\\resnet18_full_dropout_p03_seed42\\unknown_detector_summary_seed42.json"
      },
      "epochs": {
        "configured": 40,
        "ran": 22,
        "early_stopped": true,
        "best_epoch": 13
      },
      "best_validation": {
        "acc": 0.9697786606129398,
        "loss": 0.10814393801396875,
        "macro_precision": 0.9697179917808656,
        "macro_recall": 0.9431783040727563,
        "macro_f1": 0.9558240428870114
      },
      "test": {
        "loss": 0.11464005826458733,
        "acc": 0.9691294806144842,
        "macro_precision": 0.9718018173737742,
        "macro_recall": 0.9378996950139222,
        "macro_f1": 0.9537028325907585,
        "inference_time_sec": 3.7757848990149796,
        "inference_latency_ms": 0.5524191512823671,
        "used_separate_unknown_detector": false
      },
      "timing": {
        "total_training_time_sec": 5290.068125486374,
        "mean_epoch_time_seconds": 234.5423220612786,
        "max_epoch_time_seconds": 542.8854837417603
      },
      "model_parameters": {
        "total": 11176396,
        "trainable": 11176396
      },
      "unknown_silence_analysis": {
        "unknown": {
          "precision": 0.9677493138151876,
          "recall": 0.9913308341143393,
          "support": 4268,
          "predicted_total": 4372,
          "most_confused_as": "go",
          "most_common_source_as_prediction": "right"
        },
        "silence": {
          "precision": 0.0,
          "recall": 0.0,
          "support": 0,
          "predicted_total": 0,
          "most_confused_as": null,
          "most_common_source_as_prediction": null
        }
      }
    },
    {
      "seed": 123,
      "experiment_name": "resnet18_full_dropout_p03_seed123",
      "run_output_dir": "outputs\\resnet18\\resnet18_full_dropout_p03_seed123",
      "summary_path": "outputs\\resnet18\\resnet18_full_dropout_p03_seed123\\summary_seed123.json",
      "artifacts": {
        "checkpoint": "outputs\\resnet18\\resnet18_full_dropout_p03_seed123\\best_model_seed123.pt",
        "history_csv": "outputs\\resnet18\\resnet18_full_dropout_p03_seed123\\history_seed123.csv",
        "summary_json": "outputs\\resnet18\\resnet18_full_dropout_p03_seed123\\summary_seed123.json",
        "config_yaml": "outputs\\resnet18\\resnet18_full_dropout_p03_seed123\\config_seed123.yaml",
        "confusion_matrix_json": "outputs\\resnet18\\resnet18_full_dropout_p03_seed123\\confusion_matrix_seed123.json",
        "confusion_matrix_png": "outputs\\resnet18\\resnet18_full_dropout_p03_seed123\\confusion_matrix_seed123.png",
        "error_analysis_json": "outputs\\resnet18\\resnet18_full_dropout_p03_seed123\\error_analysis_seed123.json",