{
  "class_names": [
    "yes",
    "no",
    "up",
    "down",
    "left",
    "right",
    "on",
    "off",
    "stop",
    "go",
    "unknown",
    "silence"
  ],
  "confusion_matrix": [
    [
      250,
      0,
      1,
      0,
      0,
      0,
      0,
      0,
      0,
      0,
      5,
      0
    ],
    [
      0,
      236,
      0,
      0,
      0,
      0,
      0,
      0,
      0,
      4,
      12,
      0
    ],
    [
      0,
      0,
      260,
      0,
      0,
      0,
      0,
      2,
      3,
      0,
      7,
      0
    ],
    [
      0,
      3,
      0,
      234,
      0,
      0,
      0,
      0,
      0,
      6,
      10,
      0
    ],
    [
      0,
      0,
      0,
      0,
      260,
      0,
      0,
      0,
      0,
      0,
      7,
      0
    ],
    [
      0,
      0,
      0,
      0,
      0,
      239,
      0,
      0,
      0,
      0,
      20,
      0
    ],
    [
      0,
      0,
      0,
      0,
      0,
      0,
      233,
      0,
      0,
      1,
      12,
      0
    ],
    [
      0,
      0,
      3,
      0,
      1,
      0,
      0,
      246,
      0,
      0,
      12,
      0
    ],
    [
      0,
      0,
      0,
      1,
      0,
      0,
      0,
      0,
      244,
      0,
      4,
      0
    ],
    [
      0,
      4,
      0,
      1,
      0,
      0,
      0,
      0,
      0,
      228,
      18,
      0
    ],
    [
      2,
      3,
      3,
      9,
      5,
      0,
      6,
      0,
      4,
      5,
      4231,
      0
    ],
    [
      0,
      0,
      0,
      0,
      0,
      0,
      0,
      0,
      0,
      0,
      0,
      0
    ]
  ],
  "confusion_matrix_normalized": [
    [
      0.9765625,
      0.0,
      0.00390625,
      0.0,
      0.0,
      0.0,
      0.0,
      0.0,
      0.0,
      0.0,
      0.01953125,
      0.0
    ],
    [
      0.0,
      0.9365079365079365,
      0.0,
      0.0,
      0.0,
      0.0,
      0.0,
      0.0,
      0.0,
      0.015873015873015872,
      0.047619047619047616,
      0.0
    ],
    [
      0.0,
      0.0,
      0.9558823529411765,
      0.0,
      0.0,
      0.0,
      0.0,
      0.007352941176470588,
      0.011029411764705883,
      0.0,
      0.025735294117647058,
      0.0
    ],
    [
      0.0,
      0.011857707509881422,
      0.0,
      0.924901185770751,
      0.0,
      0.0,
      0.0,
      0.0,
      0.0,
      0.023715415019762844,
      0.039525691699604744,
      0.0
    ],
    [
      0.0,
      0.0,
      0.0,
      0.0,
      0.9737827715355806,
      0.0,
      0.0,
      0.0,
      0.0,
      0.0,
      0.026217228464419477,
      0.0
    ],
    [
      0.0,
      0.0,
      0.0,
      0.0,
      0.0,
      0.9227799227799228,
      0.0,
      0.0,
      0.0,
      0.0,
      0.07722007722007722,
      0.0
    ],
    [
      0.0,
      0.0,
      0.0,
      0.0,
      0.0,
      0.0,
      0.9471544715447154,
      0.0,
      0.0,
      0.0040650406504065045,
      0.04878048780487805,
      0.0
    ],
    [
      0.0,
      0.0,
      0.011450381679389313,
      0.0,
      0.003816793893129771,
      0.0,
      0.0,
      0.9389312977099237,
      0.0,
      0.0,
      0.04580152671755725,
      0.0
    ],
    [
      0.0,
      0.0,
      0.0,
      0.004016064257028112,
      0.0,
      0.0,
      0.0,
      0.0,
      0.9799196787148594,
      0.0,
      0.01606425702811245,
      0.0
    ],
    [
      0.0,
      0.01593625498007968,
      0.0,
      0.00398406374501992,
      0.0,
      0.0,
      0.0,
      0.0,
      0.0,
      0.9083665338645418,
      0.07171314741035857,
      0.0
    ],
    [
      0.00046860356138706655,
      0.0007029053420805998,
      0.0007029053420805998,
      0.0021087160262417996,
      0.0011715089034676663,
      0.0,
      0.0014058106841611997,
      0.0,
      0.0009372071227741331,
      0.0011715089034676663,
      0.9913308341143393,
      0.0
    ],
    [
      0.0,
      0.0,
      0.0,
      0.0,
      0.0,
      0.0,
      0.0,
      0.0,
      0.0,
      0.0,
      0.0,
      0.0
    ]
  ],
  "per_class_metrics": [
    {
      "class_index": 0,
      "class_name": "yes",
      "precision": 0.9920634920634921,
      "recall": 0.9765625,
      "f1": 0.984251968503937,
      "support": 256
    },
    {
      "class_index": 1,
      "class_name": "no",
      "precision": 0.959349593495935,
      "recall": 0.9365079365079365,
      "f1": 0.9477911646586346,
      "support": 252
    },
    {
      "class_index": 2,
      "class_name": "up",
      "precision": 0.9737827715355806,
      "recall": 0.9558823529411765,
      "f1": 0.9647495361781077,
      "support": 272
    },
    {
      "class_index": 3,
      "class_name": "down",
      "precision": 0.9551020408163265,
      "recall": 0.924901185770751,
      "f1": 0.9397590361445783,
      "support": 253
    },
    {
      "class_index": 4,
      "class_name": "left",
      "precision": 0.9774436090225563,
      "recall": 0.9737827715355806,
      "f1": 0.975609756097561,
      "support": 267
    },
    {
      "class_index": 5,
      "class_name": "right",
      "precision": 1.0,
      "recall": 0.9227799227799228,
      "f1": 0.9598393574297188,
      "support": 259
    },
    {
      "class_index": 6,
      "class_name": "on",
      "precision": 0.9748953974895398,
      "recall": 0.9471544715447154,
      "f1": 0.9608247422680413,
      "support": 246
    },
    {
      "class_index": 7,
      "class_name": "off",
      "precision": 0.9919354838709677,
      "recall": 0.9389312977099237,
      "f1": 0.9647058823529412,
      "support": 262
    },
    {
      "class_index": 8,
      "class_name": "stop",
      "precision": 0.9721115537848606,
      "recall": 0.9799196787148594,
      "f1": 0.976,
      "support": 249
    },
    {
      "class_index": 9,
      "class_name": "go",
      "precision": 0.9344262295081968,
      "recall": 0.9083665338645418,
      "f1": 0.9212121212121213,
      "support": 251
    },
    {
      "class_index": 10,
      "class_name": "unknown",
      "precision": 0.975334255417243,
      "recall": 0.9913308341143393,
      "f1": 0.9832674877992098,
      "support": 4268
    },
    {
      "class_index": 11,
      "class_name": "silence",
      "precision": 0.0,
      "recall": 0.0,
      "f1": 0.0,
      "support": 0
    }
  ],
  "top_confusions": [
    {
      "true_class": "right",
      "predicted_as": "unknown",
      "count": 20,
      "rate_within_true": 0.07722007722007722
    },
    {
      "true_class": "go",
      "predicted_as": "unknown",
      "count": 18,
      "rate_within_true": 0.07171314741035857
    },
    {
      "true_class": "no",
      "predicted_as": "unknown",
      "count": 12,
      "rate_within_true": 0.047619047619047616
    },
    {
      "true_class": "on",
      "predicted_as": "unknown",
      "count": 12,
      "rate_within_true": 0.04878048780487805
    },
    {
      "true_class": "off",
      "predicted_as": "unknown",
      "count": 12,
      "rate_within_true": 0.04580152671755725
    },
    {
      "true_class": "down",
      "predicted_as": "unknown",
      "count": 10,
      "rate_within_true": 0.039525691699604744
    },
    {
      "true_class": "unknown",
      "predicted_as": "down",
      "count": 9,
      "rate_within_true": 0.0021087160262417996
    },
    {
      "true_class": "up",
      "predicted_as": "unknown",
      "count": 7,
      "rate_within_true": 0.025735294117647058
    },
    {
      "true_class": "left",
      "predicted_as": "unknown",
      "count": 7,
      "rate_within_true": 0.026217228464419477
    },
    {
      "true_class": "down",
      "predicted_as": "go",
      "count": 6,
      "rate_within_true": 0.023715415019762844
    },
    {
      "true_class": "unknown",
      "predicted_as": "on",
      "count": 6,
      "rate_within_true": 0.0014058106841611997
    },
    {
      "true_class": "yes",
      "predicted_as": "unknown",
      "count": 5,