{
  "model": "resnet18",
  "experiment_name": "resnet18_full_batch32",
  "seeds": [
    42,
    123,
    2026,
    2137
  ],
  "num_runs": 4,
  "aggregate": {
    "best_validation": {
      "acc": {
        "mean": 0.9700269580022702,
        "std": 0.0009746475357572604,
        "min": 0.9686435868331441,
        "max": 0.9711975028376845,
        "n": 4
      },
      "loss": {
        "mean": 0.11171811758545377,
        "std": 0.0035410539555863468,
        "min": 0.10787677461948461,
        "max": 0.11707240421503672,
        "n": 4
      },
      "macro_precision": {
        "mean": 0.9629684970556968,
        "std": 0.003219117639736545,
        "min": 0.958837427826016,
        "max": 0.9670512495488078,
        "n": 4
      },
      "macro_recall": {
        "mean": 0.9471074855379714,
        "std": 0.0011615232262256697,
        "min": 0.9456519042533985,
        "max": 0.9488984438180568,
        "n": 4
      },
      "macro_f1": {
        "mean": 0.9546762517233661,
        "std": 0.0010973086131099527,
        "min": 0.9535985238656731,
        "max": 0.9560563823781965,
        "n": 4
      }
    },
    "test": {
      "acc": {
        "mean": 0.9709583028529627,
        "std": 0.0006744363172855092,
        "min": 0.9701536210680322,
        "max": 0.9717629846378932,
        "n": 4
      },
      "loss": {
        "mean": 0.10124352950336087,
        "std": 0.005915516973329456,
        "min": 0.09395428241578686,
        "max": 0.10829323721087614,
        "n": 4
      },
      "macro_precision": {
        "mean": 0.9456792414659962,
        "std": 0.033832127111691944,
        "min": 0.8871562392601468,
        "max": 0.9677995947627099,
        "n": 4
      },
      "macro_recall": {
        "mean": 0.9254468898147625,
        "std": 0.036927776537425024,
        "min": 0.8618353977407089,
        "max": 0.9505738687646168,
        "n": 4
      },
      "macro_f1": {
        "mean": 0.9350518213708257,
        "std": 0.035455060888207136,
        "min": 0.873677163622654,
        "max": 0.9565349252880657,
        "n": 4
      },
      "inference_latency_ms": {
        "mean": 1.9102956657561907,
        "std": 0.5049529228404274,
        "min": 1.5273675201092822,
        "max": 2.7786475055610547,
        "n": 4
      }
    },
    "timing": {
      "total_training_time_sec": {
        "mean": 5606.3530730605125,
        "std": 1500.2335005175223,
        "min": 3917.2689895629883,
        "max": 7749.30828166008,
        "n": 4
      },
      "mean_epoch_time_seconds": {
        "mean": 218.8023218417943,
        "std": 16.482088101388843,
        "min": 197.14981178803876,
        "max": 236.26096799969673,
        "n": 4
      },
      "max_epoch_time_seconds": {
        "mean": 510.34848606586456,
        "std": 43.98358719328669,
        "min": 457.0636188983917,
        "max": 577.2716088294983,
        "n": 4
      }
    },
    "model_parameters": {
      "total": {
        "mean": 11176396.0,
        "std": 0.0,
        "min": 11176396.0,
        "max": 11176396.0,
        "n": 4
      },
      "trainable": {
        "mean": 11176396.0,
        "std": 0.0,
        "min": 11176396.0,
        "max": 11176396.0,
        "n": 4
      }
    },
    "unknown_silence_analysis": {
      "unknown": {
        "precision": {
          "mean": 0.9749540311168604,
          "std": 0.002279331601532341,
          "min": 0.9724264705882353,
          "max": 0.9779377612633534,
          "n": 4
        },
        "recall": {
          "mean": 0.989163542642924,
          "std": 0.0021877752339483397,
          "min": 0.9866447985004686,
          "max": 0.9915651358950328,
          "n": 4
        }
      },
      "silence": {
        "precision": {
          "mean": 0.0,
          "std": 0.0,
          "min": 0.0,
          "max": 0.0,
          "n": 4
        },
        "recall": {
          "mean": 0.0,
          "std": 0.0,
          "min": 0.0,
          "max": 0.0,
          "n": 4
        }
      }
    }
  },
  "per_seed_runs": [
    {
      "seed": 42,
      "experiment_name": "resnet18_full_batch32_seed42",
      "run_output_dir": "outputs\\resnet18\\resnet18_full_batch32_seed42",
      "summary_path": "outputs\\resnet18\\resnet18_full_batch32_seed42\\summary_seed42.json",
      "artifacts": {
        "checkpoint": "outputs\\resnet18\\resnet18_full_batch32_seed42\\best_model_seed42.pt",
        "history_csv": "outputs\\resnet18\\resnet18_full_batch32_seed42\\history_seed42.csv",
        "summary_json": "outputs\\resnet18\\resnet18_full_batch32_seed42\\summary_seed42.json",
        "config_yaml": "outputs\\resnet18\\resnet18_full_batch32_seed42\\config_seed42.yaml",
        "confusion_matrix_json": "outputs\\resnet18\\resnet18_full_batch32_seed42\\confusion_matrix_seed42.json",
        "confusion_matrix_png": "outputs\\resnet18\\resnet18_full_batch32_seed42\\confusion_matrix_seed42.png",
        "error_analysis_json": "outputs\\resnet18\\resnet18_full_batch32_seed42\\error_analysis_seed42.json",
        "unknown_detector_checkpoint": "outputs\\resnet18\\resnet18_full_batch32_seed42\\unknown_detector_seed42.pt",
        "unknown_detector_summary_json": "outputs\\resnet18\\resnet18_full_batch32_seed42\\unknown_detector_summary_seed42.json"
      },
      "epochs": {
        "configured": 40,
        "ran": 32,
        "early_stopped": true,
        "best_epoch": 23
      },
      "best_validation": {
        "acc": 0.9706299659477866,
        "loss": 0.11707240421503672,
        "macro_precision": 0.9670512495488078,
        "macro_recall": 0.9456519042533985,
        "macro_f1": 0.9560563823781965
      },
      "test": {
        "loss": 0.10829323721087614,
        "acc": 0.9704462326261888,
        "macro_precision": 0.9677995947627099,
        "macro_recall": 0.9404272894016185,
        "macro_f1": 0.95354760359687,
        "inference_time_sec": 18.99205570050981,
        "inference_latency_ms": 2.7786475055610547,
        "used_separate_unknown_detector": false
      },
      "timing": {
        "total_training_time_sec": 7749.30828166008,
        "mean_epoch_time_seconds": 236.26096799969673,
        "max_epoch_time_seconds": 457.0636188983917
      },
      "model_parameters": {
        "total": 11176396,
        "trainable": 11176396
      },
      "unknown_silence_analysis": {
        "unknown": {
          "precision": 0.9724264705882353,
          "recall": 0.9915651358950328,
          "support": 4268,
          "predicted_total": 4352,
          "most_confused_as": "on",
          "most_common_source_as_prediction": "right"
        },
        "silence": {
          "precision": 0.0,
          "recall": 0.0,
          "support": 0,
          "predicted_total": 0,
          "most_confused_as": null,
          "most_common_source_as_prediction": null
        }
      }
    },
    {
      "seed": 123,
      "experiment_name": "resnet18_full_batch32_seed123",
      "run_output_dir": "outputs\\resnet18\\resnet18_full_batch32_seed123",
      "summary_path": "outputs\\resnet18\\resnet18_full_batch32_seed123\\summary_seed123.json",
      "artifacts": {
        "checkpoint": "outputs\\resnet18\\resnet18_full_batch32_seed123\\best_model_seed123.pt",
        "history_csv": "outputs\\resnet18\\resnet18_full_batch32_seed123\\history_seed123.csv",
        "summary_json": "outputs\\resnet18\\resnet18_full_batch32_seed123\\summary_seed123.json",
        "config_yaml": "outputs\\resnet18\\resnet18_full_batch32_seed123\\config_seed123.yaml",
        "confusion_matrix_json": "outputs\\resnet18\\resnet18_full_batch32_seed123\\confusion_matrix_seed123.json",
        "confusion_matrix_png": "outputs\\resnet18\\resnet18_full_batch32_seed123\\confusion_matrix_seed123.png",
        "error_analysis_json": "outputs\\resnet18\\resnet18_full_batch32_seed123\\error_analysis_seed123.json",
        "unknown_detector_checkpoint": "outputs\\resnet18\\resnet18_full_batch32_seed123\\unknown_detector_seed123.pt",