{
  "class_names": [
    "yes",
    "no",
    "up",
    "down",
    "left",
    "right",
    "on",
    "off",
    "stop",
    "go",
    "unknown",
    "silence"
  ],
  "confusion_matrix": [
    [
      247,
      0,
      0,
      0,
      1,
      0,
      0,
      0,
      0,
      0,
      8,
      0
    ],
    [
      0,
      235,
      1,
      3,
      0,
      0,
      0,
      0,
      0,
      2,
      11,
      0
    ],
    [
      0,
      0,
      261,
      0,
      0,
      0,
      0,
      3,
      0,
      0,
      8,
      0
    ],
    [
      0,
      2,
      0,
      239,
      0,
      0,
      0,
      0,
      1,
      4,
      7,
      0
    ],
    [
      2,
      1,
      0,
      0,
      256,
      0,
      0,
      0,
      1,
      0,
      7,
      0
    ],
    [
      0,
      0,
      0,
      0,
      1,
      235,
      0,
      0,
      0,
      0,
      23,
      0
    ],
    [
      0,
      0,
      0,
      0,
      0,
      0,
      235,
      0,
      0,
      0,
      11,
      0
    ],
    [
      0,
      0,
      1,
      0,
      1,
      0,
      1,
      253,
      0,
      0,
      6,
      0
    ],
    [
      0,
      0,
      0,
      0,
      0,
      0,
      0,
      0,
      246,
      0,
      3,
      0
    ],
    [
      1,
      4,
      0,
      2,
      0,
      0,
      0,
      1,
      0,
      229,
      14,
      0
    ],
    [
      0,
      6,
      1,
      2,
      3,
      3,
      4,
      2,
      2,
      11,
      4234,
      0
    ],
    [
      0,
      0,
      0,
      0,
      0,
      0,
      0,
      0,
      0,
      0,
      0,
      0
    ]
  ],
  "confusion_matrix_normalized": [
    [
      0.96484375,
      0.0,
      0.0,
      0.0,
      0.00390625,
      0.0,
      0.0,
      0.0,
      0.0,
      0.0,
      0.03125,
      0.0
    ],
    [
      0.0,
      0.9325396825396826,
      0.003968253968253968,
      0.011904761904761904,
      0.0,
      0.0,
      0.0,
      0.0,
      0.0,
      0.007936507936507936,
      0.04365079365079365,
      0.0
    ],
    [
      0.0,
      0.0,
      0.9595588235294118,
      0.0,
      0.0,
      0.0,
      0.0,
      0.011029411764705883,
      0.0,
      0.0,
      0.029411764705882353,
      0.0
    ],
    [
      0.0,
      0.007905138339920948,
      0.0,
      0.9446640316205533,
      0.0,
      0.0,
      0.0,
      0.0,
      0.003952569169960474,
      0.015810276679841896,
      0.02766798418972332,
      0.0
    ],
    [
      0.00749063670411985,
      0.003745318352059925,
      0.0,
      0.0,
      0.9588014981273408,
      0.0,
      0.0,
      0.0,
      0.003745318352059925,
      0.0,
      0.026217228464419477,
      0.0
    ],
    [
      0.0,
      0.0,
      0.0,
      0.0,
      0.003861003861003861,
      0.9073359073359073,
      0.0,
      0.0,
      0.0,
      0.0,
      0.0888030888030888,
      0.0
    ],
    [
      0.0,
      0.0,
      0.0,
      0.0,
      0.0,
      0.0,
      0.9552845528455285,
      0.0,
      0.0,
      0.0,
      0.044715447154471545,
      0.0
    ],
    [
      0.0,
      0.0,
      0.003816793893129771,
      0.0,
      0.003816793893129771,
      0.0,
      0.003816793893129771,
      0.9656488549618321,
      0.0,
      0.0,
      0.022900763358778626,
      0.0
    ],
    [
      0.0,
      0.0,
      0.0,
      0.0,
      0.0,
      0.0,
      0.0,
      0.0,
      0.9879518072289156,
      0.0,
      0.012048192771084338,
      0.0
    ],
    [
      0.00398406374501992,
      0.01593625498007968,
      0.0,
      0.00796812749003984,
      0.0,
      0.0,
      0.0,
      0.00398406374501992,
      0.0,
      0.9123505976095617,
      0.055776892430278883,
      0.0
    ],
    [
      0.0,
      0.0014058106841611997,
      0.00023430178069353328,
      0.00046860356138706655,
      0.0007029053420805998,
      0.0007029053420805998,
      0.0009372071227741331,
      0.00046860356138706655,
      0.00046860356138706655,
      0.002577319587628866,
      0.9920337394564198,
      0.0
    ],
    [
      0.0,
      0.0,
      0.0,
      0.0,
      0.0,
      0.0,
      0.0,
      0.0,
      0.0,
      0.0,
      0.0,
      0.0
    ]
  ],
  "per_class_metrics": [
    {
      "class_index": 0,
      "class_name": "yes",
      "precision": 0.988,
      "recall": 0.96484375,
      "f1": 0.9762845849802372,
      "support": 256
    },
    {
      "class_index": 1,
      "class_name": "no",
      "precision": 0.9475806451612904,
      "recall": 0.9325396825396826,
      "f1": 0.94,
      "support": 252
    },
    {
      "class_index": 2,
      "class_name": "up",
      "precision": 0.9886363636363636,
      "recall": 0.9595588235294118,
      "f1": 0.9738805970149254,
      "support": 272
    },
    {
      "class_index": 3,
      "class_name": "down",
      "precision": 0.9715447154471545,
      "recall": 0.9446640316205533,
      "f1": 0.9579158316633266,
      "support": 253
    },
    {
      "class_index": 4,
      "class_name": "left",
      "precision": 0.9770992366412213,
      "recall": 0.9588014981273408,
      "f1": 0.9678638941398866,
      "support": 267
    },
    {
      "class_index": 5,
      "class_name": "right",
      "precision": 0.9873949579831933,
      "recall": 0.9073359073359073,
      "f1": 0.9456740442655935,
      "support": 259
    },
    {
      "class_index": 6,
      "class_name": "on",
      "precision": 0.9791666666666666,
      "recall": 0.9552845528455285,
      "f1": 0.9670781893004116,
      "support": 246
    },
    {
      "class_index": 7,
      "class_name": "off",
      "precision": 0.9768339768339769,
      "recall": 0.9656488549618321,
      "f1": 0.9712092130518234,
      "support": 262
    },
    {
      "class_index": 8,
      "class_name": "stop",
      "precision": 0.984,
      "recall": 0.9879518072289156,
      "f1": 0.9859719438877755,
      "support": 249
    },
    {
      "class_index": 9,
      "class_name": "go",
      "precision": 0.9308943089430894,
      "recall": 0.9123505976095617,
      "f1": 0.9215291750503019,
      "support": 251
    },
    {
      "class_index": 10,
      "class_name": "unknown",
      "precision": 0.9773776546629732,
      "recall": 0.9920337394564198,
      "f1": 0.9846511627906976,
      "support": 4268
    },
    {
      "class_index": 11,
      "class_name": "silence",
      "precision": 0.0,
      "recall": 0.0,
      "f1": 0.0,
      "support": 0
    }
  ],
  "top_confusions": [
    {
      "true_class": "right",
      "predicted_as": "unknown",
      "count": 23,
      "rate_within_true": 0.0888030888030888
    },
    {
      "true_class": "go",
      "predicted_as": "unknown",
      "count": 14,
      "rate_within_true": 0.055776892430278883
    },
    {
      "true_class": "no",
      "predicted_as": "unknown",
      "count": 11,
      "rate_within_true": 0.04365079365079365
    },
    {
      "true_class": "on",
      "predicted_as": "unknown",
      "count": 11,
      "rate_within_true": 0.044715447154471545
    },
    {
      "true_class": "unknown",
      "predicted_as": "go",
      "count": 11,
      "rate_within_true": 0.002577319587628866
    },
    {
      "true_class": "yes",
      "predicted_as": "unknown",
      "count": 8,
      "rate_within_true": 0.03125
    },
    {
      "true_class": "up",
      "predicted_as": "unknown",
      "count": 8,
      "rate_within_true": 0.029411764705882353
    },
    {
      "true_class": "down",
      "predicted_as": "unknown",
      "count": 7,
      "rate_within_true": 0.02766798418972332
    },
    {
      "true_class": "left",
      "predicted_as": "unknown",
      "count": 7,
      "rate_within_true": 0.026217228464419477
    },
    {
      "true_class": "off",
      "predicted_as": "unknown",
      "count": 6,
      "rate_within_true": 0.022900763358778626
    },
    {
      "true_class": "unknown",
      "predicted_as": "no",
      "count": 6,