{
  "class_names": [
    "yes",
    "no",
    "up",
    "down",
    "left",
    "right",
    "on",
    "off",
    "stop",
    "go",
    "unknown",
    "silence"
  ],
  "confusion_matrix": [
    [
      243,
      0,
      0,
      0,
      2,
      0,
      0,
      1,
      0,
      0,
      10,
      0
    ],
    [
      0,
      232,
      0,
      6,
      1,
      0,
      0,
      0,
      0,
      3,
      10,
      0
    ],
    [
      0,
      0,
      260,
      0,
      0,
      0,
      1,
      1,
      0,
      0,
      10,
      0
    ],
    [
      0,
      5,
      0,
      231,
      0,
      0,
      0,
      0,
      0,
      5,
      12,
      0
    ],
    [
      0,
      0,
      0,
      0,
      256,
      0,
      0,
      0,
      0,
      0,
      11,
      0
    ],
    [
      0,
      0,
      0,
      0,
      0,
      237,
      0,
      0,
      0,
      0,
      22,
      0
    ],
    [
      0,
      0,
      0,
      0,
      0,
      0,
      231,
      3,
      0,
      0,
      12,
      0
    ],
    [
      0,
      0,
      0,
      0,
      1,
      0,
      1,
      251,
      0,
      0,
      9,
      0
    ],
    [
      0,
      0,
      2,
      0,
      0,
      0,
      0,
      0,
      243,
      0,
      4,
      0
    ],
    [
      0,
      0,
      0,
      1,
      0,
      0,
      0,
      0,
      0,
      237,
      13,
      0
    ],
    [
      0,
      6,
      1,
      4,
      2,
      8,
      6,
      3,
      1,
      9,
      4228,
      0
    ],
    [
      0,
      0,
      0,
      0,
      0,
      0,
      0,
      0,
      0,
      0,
      0,
      0
    ]
  ],
  "confusion_matrix_normalized": [
    [
      0.94921875,
      0.0,
      0.0,
      0.0,
      0.0078125,
      0.0,
      0.0,
      0.00390625,
      0.0,
      0.0,
      0.0390625,
      0.0
    ],
    [
      0.0,
      0.9206349206349206,
      0.0,
      0.023809523809523808,
      0.003968253968253968,
      0.0,
      0.0,
      0.0,
      0.0,
      0.011904761904761904,
      0.03968253968253968,
      0.0
    ],
    [
      0.0,
      0.0,
      0.9558823529411765,
      0.0,
      0.0,
      0.0,
      0.003676470588235294,
      0.003676470588235294,
      0.0,
      0.0,
      0.03676470588235294,
      0.0
    ],
    [
      0.0,
      0.019762845849802372,
      0.0,
      0.9130434782608695,
      0.0,
      0.0,
      0.0,
      0.0,
      0.0,
      0.019762845849802372,
      0.04743083003952569,
      0.0
    ],
    [
      0.0,
      0.0,
      0.0,
      0.0,
      0.9588014981273408,
      0.0,
      0.0,
      0.0,
      0.0,
      0.0,
      0.04119850187265917,
      0.0
    ],
    [
      0.0,
      0.0,
      0.0,
      0.0,
      0.0,
      0.915057915057915,
      0.0,
      0.0,
      0.0,
      0.0,
      0.08494208494208494,
      0.0
    ],
    [
      0.0,
      0.0,
      0.0,
      0.0,
      0.0,
      0.0,
      0.9390243902439024,
      0.012195121951219513,
      0.0,
      0.0,
      0.04878048780487805,
      0.0
    ],
    [
      0.0,
      0.0,
      0.0,
      0.0,
      0.003816793893129771,
      0.0,
      0.003816793893129771,
      0.9580152671755725,
      0.0,
      0.0,
      0.03435114503816794,
      0.0
    ],
    [
      0.0,
      0.0,
      0.008032128514056224,
      0.0,
      0.0,
      0.0,
      0.0,
      0.0,
      0.9759036144578314,
      0.0,
      0.01606425702811245,
      0.0
    ],
    [
      0.0,
      0.0,
      0.0,
      0.00398406374501992,
      0.0,
      0.0,
      0.0,
      0.0,
      0.0,
      0.9442231075697212,
      0.05179282868525897,
      0.0
    ],
    [
      0.0,
      0.0014058106841611997,
      0.00023430178069353328,
      0.0009372071227741331,
      0.00046860356138706655,
      0.0018744142455482662,
      0.0014058106841611997,
      0.0007029053420805998,
      0.00023430178069353328,
      0.0021087160262417996,
      0.9906279287722587,
      0.0
    ],
    [
      0.0,
      0.0,
      0.0,
      0.0,
      0.0,
      0.0,
      0.0,
      0.0,
      0.0,
      0.0,
      0.0,
      0.0
    ]
  ],
  "per_class_metrics": [
    {
      "class_index": 0,
      "class_name": "yes",
      "precision": 1.0,
      "recall": 0.94921875,
      "f1": 0.9739478957915831,
      "support": 256
    },
    {
      "class_index": 1,
      "class_name": "no",
      "precision": 0.9547325102880658,
      "recall": 0.9206349206349206,
      "f1": 0.9373737373737374,
      "support": 252
    },
    {
      "class_index": 2,
      "class_name": "up",
      "precision": 0.9885931558935361,
      "recall": 0.9558823529411765,
      "f1": 0.9719626168224299,
      "support": 272
    },
    {
      "class_index": 3,
      "class_name": "down",
      "precision": 0.9545454545454546,
      "recall": 0.9130434782608695,
      "f1": 0.9333333333333333,
      "support": 253
    },
    {
      "class_index": 4,
      "class_name": "left",
      "precision": 0.9770992366412213,
      "recall": 0.9588014981273408,
      "f1": 0.9678638941398866,
      "support": 267
    },
    {
      "class_index": 5,
      "class_name": "right",
      "precision": 0.9673469387755103,
      "recall": 0.915057915057915,
      "f1": 0.9404761904761905,
      "support": 259
    },
    {
      "class_index": 6,
      "class_name": "on",
      "precision": 0.9665271966527197,
      "recall": 0.9390243902439024,
      "f1": 0.9525773195876288,
      "support": 246
    },
    {
      "class_index": 7,
      "class_name": "off",
      "precision": 0.9691119691119691,
      "recall": 0.9580152671755725,
      "f1": 0.963531669865643,
      "support": 262
    },
    {
      "class_index": 8,
      "class_name": "stop",
      "precision": 0.9959016393442623,
      "recall": 0.9759036144578314,
      "f1": 0.9858012170385395,
      "support": 249
    },
    {
      "class_index": 9,
      "class_name": "go",
      "precision": 0.9330708661417323,
      "recall": 0.9442231075697212,
      "f1": 0.9386138613861386,
      "support": 251
    },
    {
      "class_index": 10,
      "class_name": "unknown",
      "precision": 0.9739691315365123,
      "recall": 0.9906279287722587,
      "f1": 0.9822279010338019,
      "support": 4268
    },
    {
      "class_index": 11,
      "class_name": "silence",
      "precision": 0.0,
      "recall": 0.0,
      "f1": 0.0,
      "support": 0
    }
  ],
  "top_confusions": [
    {
      "true_class": "right",
      "predicted_as": "unknown",
      "count": 22,
      "rate_within_true": 0.08494208494208494
    },
    {
      "true_class": "go",
      "predicted_as": "unknown",
      "count": 13,
      "rate_within_true": 0.05179282868525897
    },
    {
      "true_class": "down",
      "predicted_as": "unknown",
      "count": 12,
      "rate_within_true": 0.04743083003952569
    },
    {
      "true_class": "on",
      "predicted_as": "unknown",
      "count": 12,
      "rate_within_true": 0.04878048780487805
    },
    {
      "true_class": "left",
      "predicted_as": "unknown",
      "count": 11,
      "rate_within_true": 0.04119850187265917
    },
    {
      "true_class": "yes",
      "predicted_as": "unknown",
      "count": 10,
      "rate_within_true": 0.0390625
    },
    {
      "true_class": "no",
      "predicted_as": "unknown",
      "count": 10,
      "rate_within_true": 0.03968253968253968
    },
    {
      "true_class": "up",
      "predicted_as": "unknown",
      "count": 10,
      "rate_within_true": 0.03676470588235294
    },
    {
      "true_class": "off",
      "predicted_as": "unknown",
      "count": 9,
      "rate_within_true": 0.03435114503816794
    },
    {
      "true_class": "unknown",
      "predicted_as": "go",
      "count": 9,
      "rate_within_true": 0.0021087160262417996
    },
    {
      "true_class": "unknown",
      "predicted_as": "right",
      "count": 8,
      "rate_within_true": 0.0018744142455482662
    },
    {
      "true_class": "no",
      "predicted_as": "down",