{
  "class_names": [
    "yes",
    "no",
    "up",
    "down",
    "left",
    "right",
    "on",
    "off",
    "stop",
    "go",
    "unknown",
    "silence"
  ],
  "confusion_matrix": [
    [
      247,
      0,
      0,
      0,
      0,
      0,
      0,
      3,
      0,
      0,
      6,
      0
    ],
    [
      0,
      232,
      0,
      1,
      0,
      0,
      0,
      0,
      0,
      4,
      15,
      0
    ],
    [
      0,
      0,
      261,
      0,
      0,
      0,
      0,
      1,
      1,
      0,
      9,
      0
    ],
    [
      1,
      3,
      0,
      234,
      0,
      0,
      0,
      0,
      0,
      7,
      8,
      0
    ],
    [
      1,
      0,
      0,
      0,
      257,
      0,
      0,
      0,
      0,
      0,
      9,
      0
    ],
    [
      0,
      0,
      0,
      0,
      1,
      242,
      0,
      0,
      0,
      0,
      16,
      0
    ],
    [
      0,
      0,
      0,
      0,
      0,
      0,
      233,
      0,
      0,
      1,
      12,
      0
    ],
    [
      0,
      0,
      1,
      0,
      0,
      0,
      2,
      253,
      0,
      0,
      6,
      0
    ],
    [
      0,
      0,
      0,
      0,
      0,
      0,
      0,
      0,
      246,
      0,
      3,
      0
    ],
    [
      0,
      1,
      0,
      0,
      0,
      0,
      0,
      0,
      0,
      236,
      14,
      0
    ],
    [
      0,
      3,
      2,
      3,
      2,
      3,
      4,
      0,
      1,
      8,
      4242,
      0
    ],
    [
      0,
      0,
      0,
      0,
      0,
      0,
      0,
      0,
      0,
      0,
      0,
      0
    ]
  ],
  "confusion_matrix_normalized": [
    [
      0.96484375,
      0.0,
      0.0,
      0.0,
      0.0,
      0.0,
      0.0,
      0.01171875,
      0.0,
      0.0,
      0.0234375,
      0.0
    ],
    [
      0.0,
      0.9206349206349206,
      0.0,
      0.003968253968253968,
      0.0,
      0.0,
      0.0,
      0.0,
      0.0,
      0.015873015873015872,
      0.05952380952380952,
      0.0
    ],
    [
      0.0,
      0.0,
      0.9595588235294118,
      0.0,
      0.0,
      0.0,
      0.0,
      0.003676470588235294,
      0.003676470588235294,
      0.0,
      0.03308823529411765,
      0.0
    ],
    [
      0.003952569169960474,
      0.011857707509881422,
      0.0,
      0.924901185770751,
      0.0,
      0.0,
      0.0,
      0.0,
      0.0,
      0.02766798418972332,
      0.03162055335968379,
      0.0
    ],
    [
      0.003745318352059925,
      0.0,
      0.0,
      0.0,
      0.9625468164794008,
      0.0,
      0.0,
      0.0,
      0.0,
      0.0,
      0.033707865168539325,
      0.0
    ],
    [
      0.0,
      0.0,
      0.0,
      0.0,
      0.003861003861003861,
      0.9343629343629344,
      0.0,
      0.0,
      0.0,
      0.0,
      0.06177606177606178,
      0.0
    ],
    [
      0.0,
      0.0,
      0.0,
      0.0,
      0.0,
      0.0,
      0.9471544715447154,
      0.0,
      0.0,
      0.0040650406504065045,
      0.04878048780487805,
      0.0
    ],
    [
      0.0,
      0.0,
      0.003816793893129771,
      0.0,
      0.0,
      0.0,
      0.007633587786259542,
      0.9656488549618321,
      0.0,
      0.0,
      0.022900763358778626,
      0.0
    ],
    [
      0.0,
      0.0,
      0.0,
      0.0,
      0.0,
      0.0,
      0.0,
      0.0,
      0.9879518072289156,
      0.0,
      0.012048192771084338,
      0.0
    ],
    [
      0.0,
      0.00398406374501992,
      0.0,
      0.0,
      0.0,
      0.0,
      0.0,
      0.0,
      0.0,
      0.9402390438247012,
      0.055776892430278883,
      0.0
    ],
    [
      0.0,
      0.0007029053420805998,
      0.00046860356138706655,
      0.0007029053420805998,
      0.00046860356138706655,
      0.0007029053420805998,
      0.0009372071227741331,
      0.0,
      0.00023430178069353328,
      0.0018744142455482662,
      0.9939081537019682,
      0.0
    ],
    [
      0.0,
      0.0,
      0.0,
      0.0,
      0.0,
      0.0,
      0.0,
      0.0,
      0.0,
      0.0,
      0.0,
      0.0
    ]
  ],
  "per_class_metrics": [
    {
      "class_index": 0,
      "class_name": "yes",
      "precision": 0.9919678714859438,
      "recall": 0.96484375,
      "f1": 0.9782178217821782,
      "support": 256
    },
    {
      "class_index": 1,
      "class_name": "no",
      "precision": 0.9707112970711297,
      "recall": 0.9206349206349206,
      "f1": 0.945010183299389,
      "support": 252
    },
    {
      "class_index": 2,
      "class_name": "up",
      "precision": 0.9886363636363636,
      "recall": 0.9595588235294118,
      "f1": 0.9738805970149254,
      "support": 272
    },
    {
      "class_index": 3,
      "class_name": "down",
      "precision": 0.9831932773109243,
      "recall": 0.924901185770751,
      "f1": 0.9531568228105907,
      "support": 253
    },
    {
      "class_index": 4,
      "class_name": "left",
      "precision": 0.9884615384615385,
      "recall": 0.9625468164794008,
      "f1": 0.9753320683111955,
      "support": 267
    },
    {
      "class_index": 5,
      "class_name": "right",
      "precision": 0.9877551020408163,
      "recall": 0.9343629343629344,
      "f1": 0.9603174603174603,
      "support": 259
    },
    {
      "class_index": 6,
      "class_name": "on",
      "precision": 0.9748953974895398,
      "recall": 0.9471544715447154,
      "f1": 0.9608247422680413,
      "support": 246
    },
    {
      "class_index": 7,
      "class_name": "off",
      "precision": 0.9844357976653697,
      "recall": 0.9656488549618321,
      "f1": 0.9749518304431599,
      "support": 262
    },
    {
      "class_index": 8,
      "class_name": "stop",
      "precision": 0.9919354838709677,
      "recall": 0.9879518072289156,
      "f1": 0.9899396378269618,
      "support": 249
    },
    {
      "class_index": 9,
      "class_name": "go",
      "precision": 0.921875,
      "recall": 0.9402390438247012,
      "f1": 0.9309664694280079,
      "support": 251
    },
    {
      "class_index": 10,
      "class_name": "unknown",
      "precision": 0.9774193548387097,
      "recall": 0.9939081537019682,
      "f1": 0.9855947955390335,
      "support": 4268
    },
    {
      "class_index": 11,
      "class_name": "silence",
      "precision": 0.0,
      "recall": 0.0,
      "f1": 0.0,
      "support": 0
    }
  ],
  "top_confusions": [
    {
      "true_class": "right",
      "predicted_as": "unknown",
      "count": 16,
      "rate_within_true": 0.06177606177606178
    },
    {
      "true_class": "no",
      "predicted_as": "unknown",
      "count": 15,
      "rate_within_true": 0.05952380952380952
    },
    {
      "true_class": "go",
      "predicted_as": "unknown",
      "count": 14,
      "rate_within_true": 0.055776892430278883
    },
    {
      "true_class": "on",
      "predicted_as": "unknown",
      "count": 12,
      "rate_within_true": 0.04878048780487805
    },
    {
      "true_class": "up",
      "predicted_as": "unknown",
      "count": 9,
      "rate_within_true": 0.03308823529411765
    },
    {
      "true_class": "left",
      "predicted_as": "unknown",
      "count": 9,
      "rate_within_true": 0.033707865168539325
    },
    {
      "true_class": "down",
      "predicted_as": "unknown",
      "count": 8,
      "rate_within_true": 0.03162055335968379
    },
    {
      "true_class": "unknown",
      "predicted_as": "go",
      "count": 8,
      "rate_within_true": 0.0018744142455482662
    },
    {
      "true_class": "down",
      "predicted_as": "go",
      "count": 7,
      "rate_within_true": 0.02766798418972332
    },
    {
      "true_class": "yes",
      "predicted_as": "unknown",
      "count": 6,
      "rate_within_true": 0.0234375
    },
    {
      "true_class": "off",
      "predicted_as": "unknown",
      "count": 6,
      "rate_within_true": 0.022900763358778626
    },
    {
      "true_class": "no",
      "predicted_as": "go",
      "count": 4,