{
  "class_names": [
    "yes",
    "no",
    "up",
    "down",
    "left",
    "right",
    "on",
    "off",
    "stop",
    "go",
    "unknown",
    "silence"
  ],
  "confusion_matrix": [
    [
      244,
      0,
      0,
      0,
      1,
      0,
      0,
      0,
      0,
      0,
      11,
      0
    ],
    [
      1,
      232,
      0,
      2,
      0,
      0,
      0,
      0,
      0,
      5,
      12,
      0
    ],
    [
      0,
      0,
      260,
      0,
      0,
      0,
      1,
      2,
      0,
      0,
      9,
      0
    ],
    [
      0,
      1,
      0,
      242,
      0,
      0,
      0,
      0,
      0,
      2,
      8,
      0
    ],
    [
      6,
      1,
      0,
      0,
      252,
      0,
      0,
      0,
      0,
      0,
      8,
      0
    ],
    [
      0,
      0,
      0,
      0,
      0,
      234,
      0,
      0,
      0,
      1,
      24,
      0
    ],
    [
      0,
      0,
      0,
      0,
      0,
      0,
      239,
      1,
      0,
      0,
      6,
      0
    ],
    [
      0,
      0,
      0,
      0,
      0,
      0,
      4,
      251,
      0,
      0,
      7,
      0
    ],
    [
      0,
      0,
      3,
      2,
      0,
      0,
      0,
      0,
      238,
      0,
      6,
      0
    ],
    [
      0,
      2,
      0,
      4,
      0,
      0,
      0,
      0,
      0,
      234,
      11,
      0
    ],
    [
      0,
      4,
      2,
      13,
      0,
      5,
      12,
      2,
      0,
      16,
      4214,
      0
    ],
    [
      0,
      0,
      0,
      0,
      0,
      0,
      0,
      0,
      0,
      0,
      0,
      0
    ]
  ],
  "confusion_matrix_normalized": [
    [
      0.953125,
      0.0,
      0.0,
      0.0,
      0.00390625,
      0.0,
      0.0,
      0.0,
      0.0,
      0.0,
      0.04296875,
      0.0
    ],
    [
      0.003968253968253968,
      0.9206349206349206,
      0.0,
      0.007936507936507936,
      0.0,
      0.0,
      0.0,
      0.0,
      0.0,
      0.01984126984126984,
      0.047619047619047616,
      0.0
    ],
    [
      0.0,
      0.0,
      0.9558823529411765,
      0.0,
      0.0,
      0.0,
      0.003676470588235294,
      0.007352941176470588,
      0.0,
      0.0,
      0.03308823529411765,
      0.0
    ],
    [
      0.0,
      0.003952569169960474,
      0.0,
      0.9565217391304348,
      0.0,
      0.0,
      0.0,
      0.0,
      0.0,
      0.007905138339920948,
      0.03162055335968379,
      0.0
    ],
    [
      0.02247191011235955,
      0.003745318352059925,
      0.0,
      0.0,
      0.9438202247191011,
      0.0,
      0.0,
      0.0,
      0.0,
      0.0,
      0.0299625468164794,
      0.0
    ],
    [
      0.0,
      0.0,
      0.0,
      0.0,
      0.0,
      0.9034749034749034,
      0.0,
      0.0,
      0.0,
      0.003861003861003861,
      0.09266409266409266,
      0.0
    ],
    [
      0.0,
      0.0,
      0.0,
      0.0,
      0.0,
      0.0,
      0.9715447154471545,
      0.0040650406504065045,
      0.0,
      0.0,
      0.024390243902439025,
      0.0
    ],
    [
      0.0,
      0.0,
      0.0,
      0.0,
      0.0,
      0.0,
      0.015267175572519083,
      0.9580152671755725,
      0.0,
      0.0,
      0.026717557251908396,
      0.0
    ],
    [
      0.0,
      0.0,
      0.012048192771084338,
      0.008032128514056224,
      0.0,
      0.0,
      0.0,
      0.0,
      0.9558232931726908,
      0.0,
      0.024096385542168676,
      0.0
    ],
    [
      0.0,
      0.00796812749003984,
      0.0,
      0.01593625498007968,
      0.0,
      0.0,
      0.0,
      0.0,
      0.0,
      0.9322709163346613,
      0.043824701195219126,
      0.0
    ],
    [
      0.0,
      0.0009372071227741331,
      0.00046860356138706655,
      0.0030459231490159327,
      0.0,
      0.0011715089034676663,
      0.0028116213683223993,
      0.00046860356138706655,
      0.0,
      0.0037488284910965324,
      0.9873477038425492,
      0.0
    ],
    [
      0.0,
      0.0,
      0.0,
      0.0,
      0.0,
      0.0,
      0.0,
      0.0,
      0.0,
      0.0,
      0.0,
      0.0
    ]
  ],
  "per_class_metrics": [
    {
      "class_index": 0,
      "class_name": "yes",
      "precision": 0.9721115537848606,
      "recall": 0.953125,
      "f1": 0.9625246548323472,
      "support": 256
    },
    {
      "class_index": 1,
      "class_name": "no",
      "precision": 0.9666666666666667,
      "recall": 0.9206349206349206,
      "f1": 0.943089430894309,
      "support": 252
    },
    {
      "class_index": 2,
      "class_name": "up",
      "precision": 0.9811320754716981,
      "recall": 0.9558823529411765,
      "f1": 0.9683426443202979,
      "support": 272
    },
    {
      "class_index": 3,
      "class_name": "down",
      "precision": 0.9201520912547528,
      "recall": 0.9565217391304348,
      "f1": 0.937984496124031,
      "support": 253
    },
    {
      "class_index": 4,
      "class_name": "left",
      "precision": 0.9960474308300395,
      "recall": 0.9438202247191011,
      "f1": 0.9692307692307692,
      "support": 267
    },
    {
      "class_index": 5,
      "class_name": "right",
      "precision": 0.9790794979079498,
      "recall": 0.9034749034749034,
      "f1": 0.9397590361445783,
      "support": 259
    },
    {
      "class_index": 6,
      "class_name": "on",
      "precision": 0.93359375,
      "recall": 0.9715447154471545,
      "f1": 0.952191235059761,
      "support": 246
    },
    {
      "class_index": 7,
      "class_name": "off",
      "precision": 0.98046875,
      "recall": 0.9580152671755725,
      "f1": 0.9691119691119691,
      "support": 262
    },
    {
      "class_index": 8,
      "class_name": "stop",
      "precision": 1.0,
      "recall": 0.9558232931726908,
      "f1": 0.9774127310061602,
      "support": 249
    },
    {
      "class_index": 9,
      "class_name": "go",
      "precision": 0.9069767441860465,
      "recall": 0.9322709163346613,
      "f1": 0.9194499017681729,
      "support": 251
    },
    {
      "class_index": 10,
      "class_name": "unknown",
      "precision": 0.9763670064874884,
      "recall": 0.9873477038425492,
      "f1": 0.9818266542404473,
      "support": 4268
    },
    {
      "class_index": 11,
      "class_name": "silence",
      "precision": 0.0,
      "recall": 0.0,
      "f1": 0.0,
      "support": 0
    }
  ],
  "top_confusions": [
    {
      "true_class": "right",
      "predicted_as": "unknown",
      "count": 24,
      "rate_within_true": 0.09266409266409266
    },
    {
      "true_class": "unknown",
      "predicted_as": "go",
      "count": 16,
      "rate_within_true": 0.0037488284910965324
    },
    {
      "true_class": "unknown",
      "predicted_as": "down",
      "count": 13,
      "rate_within_true": 0.0030459231490159327
    },
    {
      "true_class": "no",
      "predicted_as": "unknown",
      "count": 12,
      "rate_within_true": 0.047619047619047616
    },
    {
      "true_class": "unknown",
      "predicted_as": "on",
      "count": 12,
      "rate_within_true": 0.0028116213683223993
    },
    {
      "true_class": "yes",
      "predicted_as": "unknown",
      "count": 11,
      "rate_within_true": 0.04296875
    },
    {
      "true_class": "go",
      "predicted_as": "unknown",
      "count": 11,
      "rate_within_true": 0.043824701195219126
    },
    {
      "true_class": "up",
      "predicted_as": "unknown",
      "count": 9,
      "rate_within_true": 0.03308823529411765
    },
    {
      "true_class": "down",
      "predicted_as": "unknown",
      "count": 8,
      "rate_within_true": 0.03162055335968379
    },
    {
      "true_class": "left",
      "predicted_as": "unknown",
      "count": 8,
      "rate_within_true": 0.0299625468164794
    },
    {
      "true_class": "off",
      "predicted_as": "unknown",
      "count": 7,
      "rate_within_true": 0.026717557251908396
    },
    {
      "true_class": "left",
      "predicted_as": "yes",