{
  "run_id": "ast_full_baseline_seed2026",
  "model_name": "MIT/ast-finetuned-audioset-10-10-0.4593",
  "seed": 2026,
  "optimizer": "AdamW",
  "learning_rate": 5e-05,
  "dropout": 0.1,
  "batch_size": 16,
  "device": "cuda",
  "device_name": "NVIDIA GeForce RTX 5090",
  "best_epoch": 18,
  "val_accuracy_best_epoch": 0.9672247446083996,
  "test_accuracy": 0.9724945135332845,
  "test_f1_macro": 0.8782790502495627,
  "training_time_seconds": 24691.57885503769,
  "inference_latency_ms": 6.0943695747217905,
  "total_params": 86198028,
  "trainable_params": 86198028
}