{
  "class_names": [
    "yes",
    "no",
    "up",
    "down",
    "left",
    "right",
    "on",
    "off",
    "stop",
    "go",
    "unknown",
    "silence"
  ],
  "confusion_matrix": [
    [
      243,
      0,
      0,
      0,
      0,
      0,
      0,
      0,
      0,
      0,
      13,
      0
    ],
    [
      0,
      239,
      1,
      0,
      0,
      0,
      0,
      0,
      0,
      1,
      11,
      0
    ],
    [
      0,
      0,
      265,
      0,
      0,
      0,
      0,
      0,
      0,
      0,
      7,
      0
    ],
    [
      0,
      7,
      0,
      228,
      0,
      0,
      0,
      0,
      0,
      4,
      14,
      0
    ],
    [
      1,
      4,
      0,
      0,
      245,
      0,
      0,
      0,
      0,
      0,
      17,
      0
    ],
    [
      0,
      0,
      0,
      0,
      0,
      237,
      0,
      0,
      0,
      0,
      22,
      0
    ],
    [
      0,
      0,
      0,
      0,
      0,
      0,
      240,
      1,
      0,
      0,
      5,
      0
    ],
    [
      0,
      0,
      17,
      0,
      1,
      0,
      1,
      236,
      1,
      1,
      5,
      0
    ],
    [
      0,
      0,
      1,
      1,
      0,
      0,
      0,
      0,
      244,
      0,
      3,
      0
    ],
    [
      0,
      8,
      2,
      0,
      0,
      0,
      0,
      0,
      0,
      226,
      15,
      0
    ],
    [
      1,
      3,
      4,
      4,
      0,
      2,
      10,
      1,
      1,
      9,
      4233,
      0
    ],
    [
      0,
      0,
      0,
      0,
      0,
      0,
      0,
      0,
      0,
      0,
      0,
      0
    ]
  ],
  "confusion_matrix_normalized": [
    [
      0.94921875,
      0.0,
      0.0,
      0.0,
      0.0,
      0.0,
      0.0,
      0.0,
      0.0,
      0.0,
      0.05078125,
      0.0
    ],
    [
      0.0,
      0.9484126984126984,
      0.003968253968253968,
      0.0,
      0.0,
      0.0,
      0.0,
      0.0,
      0.0,
      0.003968253968253968,
      0.04365079365079365,
      0.0
    ],
    [
      0.0,
      0.0,
      0.9742647058823529,
      0.0,
      0.0,
      0.0,
      0.0,
      0.0,
      0.0,
      0.0,
      0.025735294117647058,
      0.0
    ],
    [
      0.0,
      0.02766798418972332,
      0.0,
      0.9011857707509882,
      0.0,
      0.0,
      0.0,
      0.0,
      0.0,
      0.015810276679841896,
      0.05533596837944664,
      0.0
    ],
    [
      0.003745318352059925,
      0.0149812734082397,
      0.0,
      0.0,
      0.9176029962546817,
      0.0,
      0.0,
      0.0,
      0.0,
      0.0,
      0.06367041198501873,
      0.0
    ],
    [
      0.0,
      0.0,
      0.0,
      0.0,
      0.0,
      0.915057915057915,
      0.0,
      0.0,
      0.0,
      0.0,
      0.08494208494208494,
      0.0
    ],
    [
      0.0,
      0.0,
      0.0,
      0.0,
      0.0,
      0.0,
      0.975609756097561,
      0.0040650406504065045,
      0.0,
      0.0,
      0.02032520325203252,
      0.0
    ],
    [
      0.0,
      0.0,
      0.0648854961832061,
      0.0,
      0.003816793893129771,
      0.0,
      0.003816793893129771,
      0.9007633587786259,
      0.003816793893129771,
      0.003816793893129771,
      0.019083969465648856,
      0.0
    ],
    [
      0.0,
      0.0,
      0.004016064257028112,
      0.004016064257028112,
      0.0,
      0.0,
      0.0,
      0.0,
      0.9799196787148594,
      0.0,
      0.012048192771084338,
      0.0
    ],
    [
      0.0,
      0.03187250996015936,
      0.00796812749003984,
      0.0,
      0.0,
      0.0,
      0.0,
      0.0,
      0.0,
      0.900398406374502,
      0.05976095617529881,
      0.0
    ],
    [
      0.00023430178069353328,
      0.0007029053420805998,
      0.0009372071227741331,
      0.0009372071227741331,
      0.0,
      0.00046860356138706655,
      0.0023430178069353325,
      0.00023430178069353328,
      0.00023430178069353328,
      0.0021087160262417996,
      0.9917994376757263,
      0.0
    ],
    [
      0.0,
      0.0,
      0.0,
      0.0,
      0.0,
      0.0,
      0.0,
      0.0,
      0.0,
      0.0,
      0.0,
      0.0
    ]
  ],
  "per_class_metrics": [
    {
      "class_index": 0,
      "class_name": "yes",
      "precision": 0.9918367346938776,
      "recall": 0.94921875,
      "f1": 0.9700598802395209,
      "support": 256
    },
    {
      "class_index": 1,
      "class_name": "no",
      "precision": 0.9157088122605364,
      "recall": 0.9484126984126984,
      "f1": 0.9317738791423001,
      "support": 252
    },
    {
      "class_index": 2,
      "class_name": "up",
      "precision": 0.9137931034482759,
      "recall": 0.9742647058823529,
      "f1": 0.9430604982206405,
      "support": 272
    },
    {
      "class_index": 3,
      "class_name": "down",
      "precision": 0.9785407725321889,
      "recall": 0.9011857707509882,
      "f1": 0.9382716049382716,
      "support": 253
    },
    {
      "class_index": 4,
      "class_name": "left",
      "precision": 0.9959349593495935,
      "recall": 0.9176029962546817,
      "f1": 0.9551656920077972,
      "support": 267
    },
    {
      "class_index": 5,
      "class_name": "right",
      "precision": 0.9916317991631799,
      "recall": 0.915057915057915,
      "f1": 0.9518072289156626,
      "support": 259
    },
    {
      "class_index": 6,
      "class_name": "on",
      "precision": 0.9561752988047809,
      "recall": 0.975609756097561,
      "f1": 0.96579476861167,
      "support": 246
    },
    {
      "class_index": 7,
      "class_name": "off",
      "precision": 0.9915966386554622,
      "recall": 0.9007633587786259,
      "f1": 0.944,
      "support": 262
    },
    {
      "class_index": 8,
      "class_name": "stop",
      "precision": 0.991869918699187,
      "recall": 0.9799196787148594,
      "f1": 0.9858585858585859,
      "support": 249
    },
    {
      "class_index": 9,
      "class_name": "go",
      "precision": 0.9377593360995851,
      "recall": 0.900398406374502,
      "f1": 0.9186991869918699,
      "support": 251
    },
    {
      "class_index": 10,
      "class_name": "unknown",
      "precision": 0.974223245109321,
      "recall": 0.9917994376757263,
      "f1": 0.9829327760362243,
      "support": 4268
    },
    {
      "class_index": 11,
      "class_name": "silence",
      "precision": 0.0,
      "recall": 0.0,
      "f1": 0.0,
      "support": 0
    }
  ],
  "top_confusions": [
    {
      "true_class": "right",
      "predicted_as": "unknown",
      "count": 22,
      "rate_within_true": 0.08494208494208494
    },
    {
      "true_class": "left",
      "predicted_as": "unknown",
      "count": 17,
      "rate_within_true": 0.06367041198501873
    },
    {
      "true_class": "off",
      "predicted_as": "up",
      "count": 17,
      "rate_within_true": 0.0648854961832061
    },
    {
      "true_class": "go",
      "predicted_as": "unknown",
      "count": 15,
      "rate_within_true": 0.05976095617529881
    },
    {
      "true_class": "down",
      "predicted_as": "unknown",
      "count": 14,
      "rate_within_true": 0.05533596837944664
    },
    {
      "true_class": "yes",
      "predicted_as": "unknown",
      "count": 13,
      "rate_within_true": 0.05078125
    },
    {
      "true_class": "no",
      "predicted_as": "unknown",
      "count": 11,
      "rate_within_true": 0.04365079365079365
    },
    {
      "true_class": "unknown",
      "predicted_as": "on",
      "count": 10,
      "rate_within_true": 0.0023430178069353325
    },
    {
      "true_class": "unknown",
      "predicted_as": "go",
      "count": 9,
      "rate_within_true": 0.0021087160262417996
    },
    {
      "true_class": "go",
      "predicted_as": "no",
      "count": 8,
      "rate_within_true": 0.03187250996015936
    },
    {
      "true_class": "up",
      "predicted_as": "unknown",
      "count": 7,
      "rate_within_true": 0.025735294117647058
    },
    {
      "true_class": "down",