{
  "class_names": [
    "yes",
    "no",
    "up",
    "down",
    "left",
    "right",
    "on",
    "off",
    "stop",
    "go",
    "unknown",
    "silence"
  ],
  "confusion_matrix": [
    [
      248,
      0,
      0,
      0,
      0,
      0,
      0,
      0,
      0,
      0,
      8,
      0
    ],
    [
      0,
      236,
      1,
      1,
      0,
      0,
      0,
      0,
      0,
      4,
      10,
      0
    ],
    [
      0,
      1,
      263,
      0,
      0,
      0,
      0,
      0,
      0,
      0,
      8,
      0
    ],
    [
      0,
      4,
      0,
      238,
      0,
      0,
      0,
      0,
      1,
      2,
      8,
      0
    ],
    [
      0,
      0,
      0,
      0,
      252,
      0,
      0,
      0,
      0,
      1,
      14,
      0
    ],
    [
      0,
      0,
      0,
      0,
      0,
      230,
      0,
      0,
      0,
      0,
      29,
      0
    ],
    [
      0,
      0,
      0,
      0,
      0,
      0,
      233,
      0,
      0,
      1,
      12,
      0
    ],
    [
      0,
      1,
      3,
      0,
      1,
      0,
      6,
      241,
      0,
      2,
      8,
      0
    ],
    [
      0,
      0,
      0,
      0,
      0,
      0,
      1,
      0,
      245,
      0,
      3,
      0
    ],
    [
      1,
      4,
      1,
      1,
      0,
      0,
      0,
      0,
      0,
      232,
      12,
      0
    ],
    [
      1,
      5,
      2,
      4,
      1,
      0,
      0,
      1,
      4,
      8,
      4242,
      0
    ],
    [
      0,
      0,
      0,
      0,
      0,
      0,
      0,
      0,
      0,
      0,
      0,
      0
    ]
  ],
  "confusion_matrix_normalized": [
    [
      0.96875,
      0.0,
      0.0,
      0.0,
      0.0,
      0.0,
      0.0,
      0.0,
      0.0,
      0.0,
      0.03125,
      0.0
    ],
    [
      0.0,
      0.9365079365079365,
      0.003968253968253968,
      0.003968253968253968,
      0.0,
      0.0,
      0.0,
      0.0,
      0.0,
      0.015873015873015872,
      0.03968253968253968,
      0.0
    ],
    [
      0.0,
      0.003676470588235294,
      0.9669117647058824,
      0.0,
      0.0,
      0.0,
      0.0,
      0.0,
      0.0,
      0.0,
      0.029411764705882353,
      0.0
    ],
    [
      0.0,
      0.015810276679841896,
      0.0,
      0.9407114624505929,
      0.0,
      0.0,
      0.0,
      0.0,
      0.003952569169960474,
      0.007905138339920948,
      0.03162055335968379,
      0.0
    ],
    [
      0.0,
      0.0,
      0.0,
      0.0,
      0.9438202247191011,
      0.0,
      0.0,
      0.0,
      0.0,
      0.003745318352059925,
      0.052434456928838954,
      0.0
    ],
    [
      0.0,
      0.0,
      0.0,
      0.0,
      0.0,
      0.888030888030888,
      0.0,
      0.0,
      0.0,
      0.0,
      0.11196911196911197,
      0.0
    ],
    [
      0.0,
      0.0,
      0.0,
      0.0,
      0.0,
      0.0,
      0.9471544715447154,
      0.0,
      0.0,
      0.0040650406504065045,
      0.04878048780487805,
      0.0
    ],
    [
      0.0,
      0.003816793893129771,
      0.011450381679389313,
      0.0,
      0.003816793893129771,
      0.0,
      0.022900763358778626,
      0.9198473282442748,
      0.0,
      0.007633587786259542,
      0.030534351145038167,
      0.0
    ],
    [
      0.0,
      0.0,
      0.0,
      0.0,
      0.0,
      0.0,
      0.004016064257028112,
      0.0,
      0.9839357429718876,
      0.0,
      0.012048192771084338,
      0.0
    ],
    [
      0.00398406374501992,
      0.01593625498007968,
      0.00398406374501992,
      0.00398406374501992,
      0.0,
      0.0,
      0.0,
      0.0,
      0.0,
      0.9243027888446215,
      0.04780876494023904,
      0.0
    ],
    [
      0.00023430178069353328,
      0.0011715089034676663,
      0.00046860356138706655,
      0.0009372071227741331,
      0.00023430178069353328,
      0.0,
      0.0,
      0.00023430178069353328,
      0.0009372071227741331,
      0.0018744142455482662,
      0.9939081537019682,
      0.0
    ],
    [
      0.0,
      0.0,
      0.0,
      0.0,
      0.0,
      0.0,
      0.0,
      0.0,
      0.0,
      0.0,
      0.0,
      0.0
    ]
  ],
  "per_class_metrics": [
    {
      "class_index": 0,
      "class_name": "yes",
      "precision": 0.992,
      "recall": 0.96875,
      "f1": 0.9802371541501976,
      "support": 256
    },
    {
      "class_index": 1,
      "class_name": "no",
      "precision": 0.9402390438247012,
      "recall": 0.9365079365079365,
      "f1": 0.9383697813121272,
      "support": 252
    },
    {
      "class_index": 2,
      "class_name": "up",
      "precision": 0.9740740740740741,
      "recall": 0.9669117647058824,
      "f1": 0.9704797047970479,
      "support": 272
    },
    {
      "class_index": 3,
      "class_name": "down",
      "precision": 0.9754098360655737,
      "recall": 0.9407114624505929,
      "f1": 0.9577464788732394,
      "support": 253
    },
    {
      "class_index": 4,
      "class_name": "left",
      "precision": 0.9921259842519685,
      "recall": 0.9438202247191011,
      "f1": 0.9673704414587332,
      "support": 267
    },
    {
      "class_index": 5,
      "class_name": "right",
      "precision": 1.0,
      "recall": 0.888030888030888,
      "f1": 0.9406952965235174,
      "support": 259
    },
    {
      "class_index": 6,
      "class_name": "on",
      "precision": 0.9708333333333333,
      "recall": 0.9471544715447154,
      "f1": 0.9588477366255144,
      "support": 246
    },
    {
      "class_index": 7,
      "class_name": "off",
      "precision": 0.9958677685950413,
      "recall": 0.9198473282442748,
      "f1": 0.9563492063492064,
      "support": 262
    },
    {
      "class_index": 8,
      "class_name": "stop",
      "precision": 0.98,
      "recall": 0.9839357429718876,
      "f1": 0.9819639278557114,
      "support": 249
    },
    {
      "class_index": 9,
      "class_name": "go",
      "precision": 0.928,
      "recall": 0.9243027888446215,
      "f1": 0.9261477045908184,
      "support": 251
    },
    {
      "class_index": 10,
      "class_name": "unknown",
      "precision": 0.9742765273311897,
      "recall": 0.9939081537019682,
      "f1": 0.9839944328462074,
      "support": 4268
    },
    {
      "class_index": 11,
      "class_name": "silence",
      "precision": 0.0,
      "recall": 0.0,
      "f1": 0.0,
      "support": 0
    }
  ],
  "top_confusions": [
    {
      "true_class": "right",
      "predicted_as": "unknown",
      "count": 29,
      "rate_within_true": 0.11196911196911197
    },
    {
      "true_class": "left",
      "predicted_as": "unknown",
      "count": 14,
      "rate_within_true": 0.052434456928838954
    },
    {
      "true_class": "on",
      "predicted_as": "unknown",
      "count": 12,
      "rate_within_true": 0.04878048780487805
    },
    {
      "true_class": "go",
      "predicted_as": "unknown",
      "count": 12,
      "rate_within_true": 0.04780876494023904
    },
    {
      "true_class": "no",
      "predicted_as": "unknown",
      "count": 10,
      "rate_within_true": 0.03968253968253968
    },
    {
      "true_class": "yes",
      "predicted_as": "unknown",
      "count": 8,
      "rate_within_true": 0.03125
    },
    {
      "true_class": "up",
      "predicted_as": "unknown",
      "count": 8,
      "rate_within_true": 0.029411764705882353
    },
    {
      "true_class": "down",
      "predicted_as": "unknown",
      "count": 8,
      "rate_within_true": 0.03162055335968379
    },
    {
      "true_class": "off",
      "predicted_as": "unknown",
      "count": 8,
      "rate_within_true": 0.030534351145038167
    },
    {
      "true_class": "unknown",
      "predicted_as": "go",
      "count": 8,
      "rate_within_true": 0.0018744142455482662
    },
    {
      "true_class": "off",
      "predicted_as": "on",
      "count": 6,
      "rate_within_true": 0.022900763358778626
    },
    {
      "true_class": "unknown",