{
  "run_id": "ast_full_dropout_p03_seed123",
  "model_name": "MIT/ast-finetuned-audioset-10-10-0.4593",
  "seed": 123,
  "optimizer": "AdamW",
  "learning_rate": 5e-05,
  "dropout": 0.3,
  "batch_size": 16,
  "device": "cuda",
  "device_name": "NVIDIA GeForce RTX 5090",
  "best_epoch": 12,
  "val_accuracy_best_epoch": 0.9694948921679909,
  "test_accuracy": 0.9713240673006583,
  "test_f1_macro": 0.8747921628738777,
  "training_time_seconds": 18244.682085990906,
  "inference_latency_ms": 6.10053495809861,
  "total_params": 86198028,
  "trainable_params": 86198028
}