{
  "class_names": [
    "yes",
    "no",
    "up",
    "down",
    "left",
    "right",
    "on",
    "off",
    "stop",
    "go",
    "unknown",
    "silence"
  ],
  "confusion_matrix": [
    [
      247,
      0,
      0,
      0,
      0,
      0,
      0,
      0,
      0,
      1,
      8,
      0
    ],
    [
      0,
      232,
      0,
      3,
      0,
      0,
      0,
      0,
      0,
      5,
      12,
      0
    ],
    [
      0,
      0,
      255,
      0,
      0,
      0,
      0,
      2,
      1,
      0,
      14,
      0
    ],
    [
      0,
      1,
      0,
      240,
      0,
      0,
      0,
      0,
      0,
      1,
      11,
      0
    ],
    [
      2,
      0,
      0,
      0,
      257,
      0,
      0,
      0,
      0,
      0,
      8,
      0
    ],
    [
      0,
      0,
      0,
      0,
      0,
      236,
      0,
      0,
      0,
      0,
      23,
      0
    ],
    [
      0,
      0,
      0,
      0,
      0,
      0,
      234,
      1,
      0,
      0,
      11,
      0
    ],
    [
      0,
      0,
      2,
      0,
      1,
      0,
      1,
      252,
      1,
      0,
      5,
      0
    ],
    [
      0,
      0,
      1,
      1,
      0,
      0,
      0,
      0,
      241,
      0,
      6,
      0
    ],
    [
      0,
      1,
      0,
      1,
      0,
      0,
      0,
      0,
      0,
      234,
      15,
      0
    ],
    [
      1,
      3,
      0,
      5,
      0,
      6,
      8,
      2,
      0,
      1,
      4242,
      0
    ],
    [
      0,
      0,
      0,
      0,
      0,
      0,
      0,
      0,
      0,
      0,
      0,
      0
    ]
  ],
  "confusion_matrix_normalized": [
    [
      0.96484375,
      0.0,
      0.0,
      0.0,
      0.0,
      0.0,
      0.0,
      0.0,
      0.0,
      0.00390625,
      0.03125,
      0.0
    ],
    [
      0.0,
      0.9206349206349206,
      0.0,
      0.011904761904761904,
      0.0,
      0.0,
      0.0,
      0.0,
      0.0,
      0.01984126984126984,
      0.047619047619047616,
      0.0
    ],
    [
      0.0,
      0.0,
      0.9375,
      0.0,
      0.0,
      0.0,
      0.0,
      0.007352941176470588,
      0.003676470588235294,
      0.0,
      0.051470588235294115,
      0.0
    ],
    [
      0.0,
      0.003952569169960474,
      0.0,
      0.9486166007905138,
      0.0,
      0.0,
      0.0,
      0.0,
      0.0,
      0.003952569169960474,
      0.043478260869565216,
      0.0
    ],
    [
      0.00749063670411985,
      0.0,
      0.0,
      0.0,
      0.9625468164794008,
      0.0,
      0.0,
      0.0,
      0.0,
      0.0,
      0.0299625468164794,
      0.0
    ],
    [
      0.0,
      0.0,
      0.0,
      0.0,
      0.0,
      0.9111969111969112,
      0.0,
      0.0,
      0.0,
      0.0,
      0.0888030888030888,
      0.0
    ],
    [
      0.0,
      0.0,
      0.0,
      0.0,
      0.0,
      0.0,
      0.9512195121951219,
      0.0040650406504065045,
      0.0,
      0.0,
      0.044715447154471545,
      0.0
    ],
    [
      0.0,
      0.0,
      0.007633587786259542,
      0.0,
      0.003816793893129771,
      0.0,
      0.003816793893129771,
      0.9618320610687023,
      0.003816793893129771,
      0.0,
      0.019083969465648856,
      0.0
    ],
    [
      0.0,
      0.0,
      0.004016064257028112,
      0.004016064257028112,
      0.0,
      0.0,
      0.0,
      0.0,
      0.9678714859437751,
      0.0,
      0.024096385542168676,
      0.0
    ],
    [
      0.0,
      0.00398406374501992,
      0.0,
      0.00398406374501992,
      0.0,
      0.0,
      0.0,
      0.0,
      0.0,
      0.9322709163346613,
      0.05976095617529881,
      0.0
    ],
    [
      0.00023430178069353328,
      0.0007029053420805998,
      0.0,
      0.0011715089034676663,
      0.0,
      0.0014058106841611997,
      0.0018744142455482662,
      0.00046860356138706655,
      0.0,
      0.00023430178069353328,
      0.9939081537019682,
      0.0
    ],
    [
      0.0,
      0.0,
      0.0,
      0.0,
      0.0,
      0.0,
      0.0,
      0.0,
      0.0,
      0.0,
      0.0,
      0.0
    ]
  ],
  "per_class_metrics": [
    {
      "class_index": 0,
      "class_name": "yes",
      "precision": 0.988,
      "recall": 0.96484375,
      "f1": 0.9762845849802372,
      "support": 256
    },
    {
      "class_index": 1,
      "class_name": "no",
      "precision": 0.9789029535864979,
      "recall": 0.9206349206349206,
      "f1": 0.9488752556237219,
      "support": 252
    },
    {
      "class_index": 2,
      "class_name": "up",
      "precision": 0.9883720930232558,
      "recall": 0.9375,
      "f1": 0.9622641509433962,
      "support": 272
    },
    {
      "class_index": 3,
      "class_name": "down",
      "precision": 0.96,
      "recall": 0.9486166007905138,
      "f1": 0.9542743538767395,
      "support": 253
    },
    {
      "class_index": 4,
      "class_name": "left",
      "precision": 0.9961240310077519,
      "recall": 0.9625468164794008,
      "f1": 0.979047619047619,
      "support": 267
    },
    {
      "class_index": 5,
      "class_name": "right",
      "precision": 0.9752066115702479,
      "recall": 0.9111969111969112,
      "f1": 0.9421157684630739,
      "support": 259
    },
    {
      "class_index": 6,
      "class_name": "on",
      "precision": 0.9629629629629629,
      "recall": 0.9512195121951219,
      "f1": 0.9570552147239264,
      "support": 246
    },
    {
      "class_index": 7,
      "class_name": "off",
      "precision": 0.980544747081712,
      "recall": 0.9618320610687023,
      "f1": 0.9710982658959537,
      "support": 262
    },
    {
      "class_index": 8,
      "class_name": "stop",
      "precision": 0.9917695473251029,
      "recall": 0.9678714859437751,
      "f1": 0.9796747967479674,
      "support": 249
    },
    {
      "class_index": 9,
      "class_name": "go",
      "precision": 0.9669421487603306,
      "recall": 0.9322709163346613,
      "f1": 0.949290060851927,
      "support": 251
    },
    {
      "class_index": 10,
      "class_name": "unknown",
      "precision": 0.974052812858783,
      "recall": 0.9939081537019682,
      "f1": 0.9838803200742201,
      "support": 4268
    },
    {
      "class_index": 11,
      "class_name": "silence",
      "precision": 0.0,
      "recall": 0.0,
      "f1": 0.0,
      "support": 0
    }
  ],
  "top_confusions": [
    {
      "true_class": "right",
      "predicted_as": "unknown",
      "count": 23,
      "rate_within_true": 0.0888030888030888
    },
    {
      "true_class": "go",
      "predicted_as": "unknown",
      "count": 15,
      "rate_within_true": 0.05976095617529881
    },
    {
      "true_class": "up",
      "predicted_as": "unknown",
      "count": 14,
      "rate_within_true": 0.051470588235294115
    },
    {
      "true_class": "no",
      "predicted_as": "unknown",
      "count": 12,
      "rate_within_true": 0.047619047619047616
    },
    {
      "true_class": "down",
      "predicted_as": "unknown",
      "count": 11,
      "rate_within_true": 0.043478260869565216
    },
    {
      "true_class": "on",
      "predicted_as": "unknown",
      "count": 11,
      "rate_within_true": 0.044715447154471545
    },
    {
      "true_class": "yes",
      "predicted_as": "unknown",
      "count": 8,
      "rate_within_true": 0.03125
    },
    {
      "true_class": "left",
      "predicted_as": "unknown",
      "count": 8,
      "rate_within_true": 0.0299625468164794
    },
    {
      "true_class": "unknown",
      "predicted_as": "on",
      "count": 8,
      "rate_within_true": 0.0018744142455482662
    },
    {
      "true_class": "stop",
      "predicted_as": "unknown",
      "count": 6,
      "rate_within_true": 0.024096385542168676
    },
    {
      "true_class": "unknown",
      "predicted_as": "right",
      "count": 6,
      "rate_within_true": 0.0014058106841611997
    },
    {
      "true_class": "no",
      "predicted_as": "go",
      "count": 5,