{
  "class_names": [
    "yes",
    "no",
    "up",
    "down",
    "left",
    "right",
    "on",
    "off",
    "stop",
    "go",
    "unknown",
    "silence"
  ],
  "confusion_matrix": [
    [
      246,
      3,
      0,
      0,
      3,
      0,
      0,
      0,
      0,
      0,
      4,
      0
    ],
    [
      0,
      236,
      1,
      1,
      0,
      0,
      0,
      2,
      0,
      3,
      9,
      0
    ],
    [
      0,
      0,
      256,
      0,
      0,
      0,
      1,
      8,
      0,
      1,
      6,
      0
    ],
    [
      0,
      4,
      0,
      231,
      0,
      0,
      0,
      0,
      0,
      5,
      13,
      0
    ],
    [
      0,
      0,
      0,
      0,
      258,
      0,
      0,
      0,
      0,
      0,
      9,
      0
    ],
    [
      0,
      0,
      0,
      0,
      0,
      237,
      0,
      0,
      0,
      0,
      22,
      0
    ],
    [
      0,
      0,
      0,
      0,
      0,
      0,
      235,
      3,
      0,
      0,
      8,
      0
    ],
    [
      0,
      0,
      1,
      0,
      1,
      0,
      1,
      253,
      0,
      0,
      6,
      0
    ],
    [
      0,
      0,
      2,
      0,
      0,
      0,
      0,
      0,
      236,
      2,
      9,
      0
    ],
    [
      0,
      3,
      0,
      1,
      1,
      0,
      0,
      1,
      0,
      227,
      18,
      0
    ],
    [
      0,
      17,
      3,
      1,
      2,
      4,
      12,
      3,
      3,
      5,
      4218,
      0
    ],
    [
      0,
      0,
      0,
      0,
      0,
      0,
      0,
      0,
      0,
      0,
      0,
      0
    ]
  ],
  "confusion_matrix_normalized": [
    [
      0.9609375,
      0.01171875,
      0.0,
      0.0,
      0.01171875,
      0.0,
      0.0,
      0.0,
      0.0,
      0.0,
      0.015625,
      0.0
    ],
    [
      0.0,
      0.9365079365079365,
      0.003968253968253968,
      0.003968253968253968,
      0.0,
      0.0,
      0.0,
      0.007936507936507936,
      0.0,
      0.011904761904761904,
      0.03571428571428571,
      0.0
    ],
    [
      0.0,
      0.0,
      0.9411764705882353,
      0.0,
      0.0,
      0.0,
      0.003676470588235294,
      0.029411764705882353,
      0.0,
      0.003676470588235294,
      0.022058823529411766,
      0.0
    ],
    [
      0.0,
      0.015810276679841896,
      0.0,
      0.9130434782608695,
      0.0,
      0.0,
      0.0,
      0.0,
      0.0,
      0.019762845849802372,
      0.05138339920948617,
      0.0
    ],
    [
      0.0,
      0.0,
      0.0,
      0.0,
      0.9662921348314607,
      0.0,
      0.0,
      0.0,
      0.0,
      0.0,
      0.033707865168539325,
      0.0
    ],
    [
      0.0,
      0.0,
      0.0,
      0.0,
      0.0,
      0.915057915057915,
      0.0,
      0.0,
      0.0,
      0.0,
      0.08494208494208494,
      0.0
    ],
    [
      0.0,
      0.0,
      0.0,
      0.0,
      0.0,
      0.0,
      0.9552845528455285,
      0.012195121951219513,
      0.0,
      0.0,
      0.032520325203252036,
      0.0
    ],
    [
      0.0,
      0.0,
      0.003816793893129771,
      0.0,
      0.003816793893129771,
      0.0,
      0.003816793893129771,
      0.9656488549618321,
      0.0,
      0.0,
      0.022900763358778626,
      0.0
    ],
    [
      0.0,
      0.0,
      0.008032128514056224,
      0.0,
      0.0,
      0.0,
      0.0,
      0.0,
      0.9477911646586346,
      0.008032128514056224,
      0.03614457831325301,
      0.0
    ],
    [
      0.0,
      0.01195219123505976,
      0.0,
      0.00398406374501992,
      0.00398406374501992,
      0.0,
      0.0,
      0.00398406374501992,
      0.0,
      0.9043824701195219,
      0.07171314741035857,
      0.0
    ],
    [
      0.0,
      0.003983130271790066,
      0.0007029053420805998,
      0.00023430178069353328,
      0.00046860356138706655,
      0.0009372071227741331,
      0.0028116213683223993,
      0.0007029053420805998,
      0.0007029053420805998,
      0.0011715089034676663,
      0.9882849109653233,
      0.0
    ],
    [
      0.0,
      0.0,
      0.0,
      0.0,
      0.0,
      0.0,
      0.0,
      0.0,
      0.0,
      0.0,
      0.0,
      0.0
    ]
  ],
  "per_class_metrics": [
    {
      "class_index": 0,
      "class_name": "yes",
      "precision": 1.0,
      "recall": 0.9609375,
      "f1": 0.9800796812749004,
      "support": 256
    },
    {
      "class_index": 1,
      "class_name": "no",
      "precision": 0.8973384030418251,
      "recall": 0.9365079365079365,
      "f1": 0.916504854368932,
      "support": 252
    },
    {
      "class_index": 2,
      "class_name": "up",
      "precision": 0.973384030418251,
      "recall": 0.9411764705882353,
      "f1": 0.9570093457943926,
      "support": 272
    },
    {
      "class_index": 3,
      "class_name": "down",
      "precision": 0.9871794871794872,
      "recall": 0.9130434782608695,
      "f1": 0.9486652977412731,
      "support": 253
    },
    {
      "class_index": 4,
      "class_name": "left",
      "precision": 0.9735849056603774,
      "recall": 0.9662921348314607,
      "f1": 0.9699248120300752,
      "support": 267
    },
    {
      "class_index": 5,
      "class_name": "right",
      "precision": 0.983402489626556,
      "recall": 0.915057915057915,
      "f1": 0.948,
      "support": 259
    },
    {
      "class_index": 6,
      "class_name": "on",
      "precision": 0.9437751004016064,
      "recall": 0.9552845528455285,
      "f1": 0.9494949494949495,
      "support": 246
    },
    {
      "class_index": 7,
      "class_name": "off",
      "precision": 0.937037037037037,
      "recall": 0.9656488549618321,
      "f1": 0.9511278195488722,
      "support": 262
    },
    {
      "class_index": 8,
      "class_name": "stop",
      "precision": 0.9874476987447699,
      "recall": 0.9477911646586346,
      "f1": 0.9672131147540983,
      "support": 249
    },
    {
      "class_index": 9,
      "class_name": "go",
      "precision": 0.934156378600823,
      "recall": 0.9043824701195219,
      "f1": 0.9190283400809717,
      "support": 251
    },
    {
      "class_index": 10,
      "class_name": "unknown",
      "precision": 0.975937066173068,
      "recall": 0.9882849109653233,
      "f1": 0.9820721769499418,
      "support": 4268
    },
    {
      "class_index": 11,
      "class_name": "silence",
      "precision": 0.0,
      "recall": 0.0,
      "f1": 0.0,
      "support": 0
    }
  ],
  "top_confusions": [
    {
      "true_class": "right",
      "predicted_as": "unknown",
      "count": 22,
      "rate_within_true": 0.08494208494208494
    },
    {
      "true_class": "go",
      "predicted_as": "unknown",
      "count": 18,
      "rate_within_true": 0.07171314741035857
    },
    {
      "true_class": "unknown",
      "predicted_as": "no",
      "count": 17,
      "rate_within_true": 0.003983130271790066
    },
    {
      "true_class": "down",
      "predicted_as": "unknown",
      "count": 13,
      "rate_within_true": 0.05138339920948617
    },
    {
      "true_class": "unknown",
      "predicted_as": "on",
      "count": 12,
      "rate_within_true": 0.0028116213683223993
    },
    {
      "true_class": "no",
      "predicted_as": "unknown",
      "count": 9,
      "rate_within_true": 0.03571428571428571
    },
    {
      "true_class": "left",
      "predicted_as": "unknown",
      "count": 9,
      "rate_within_true": 0.033707865168539325
    },
    {
      "true_class": "stop",
      "predicted_as": "unknown",
      "count": 9,
      "rate_within_true": 0.03614457831325301
    },
    {
      "true_class": "up",
      "predicted_as": "off",
      "count": 8,
      "rate_within_true": 0.029411764705882353
    },
    {
      "true_class": "on",
      "predicted_as": "unknown",
      "count": 8,
      "rate_within_true": 0.032520325203252036
    },
    {
      "true_class": "up",
      "predicted_as": "unknown",
      "count": 6,