{
  "class_names": [
    "yes",
    "no",
    "up",
    "down",
    "left",
    "right",
    "on",
    "off",
    "stop",
    "go",
    "unknown",
    "silence"
  ],
  "confusion_matrix": [
    [
      244,
      0,
      0,
      0,
      1,
      0,
      0,
      0,
      0,
      0,
      11,
      0
    ],
    [
      0,
      235,
      1,
      0,
      0,
      0,
      0,
      0,
      0,
      3,
      13,
      0
    ],
    [
      0,
      0,
      257,
      0,
      0,
      0,
      2,
      1,
      1,
      0,
      11,
      0
    ],
    [
      0,
      10,
      0,
      223,
      0,
      0,
      0,
      0,
      0,
      2,
      18,
      0
    ],
    [
      1,
      0,
      0,
      0,
      255,
      0,
      0,
      0,
      0,
      0,
      11,
      0
    ],
    [
      0,
      0,
      0,
      0,
      0,
      226,
      0,
      0,
      0,
      0,
      33,
      0
    ],
    [
      0,
      0,
      0,
      0,
      0,
      0,
      227,
      1,
      0,
      0,
      18,
      0
    ],
    [
      0,
      0,
      1,
      0,
      0,
      0,
      2,
      247,
      0,
      0,
      12,
      0
    ],
    [
      0,
      0,
      1,
      0,
      0,
      0,
      0,
      0,
      242,
      0,
      6,
      0
    ],
    [
      0,
      6,
      0,
      1,
      0,
      0,
      0,
      1,
      0,
      218,
      25,
      0
    ],
    [
      0,
      1,
      2,
      5,
      1,
      1,
      5,
      4,
      0,
      2,
      4247,
      0
    ],
    [
      0,
      0,
      0,
      0,
      0,
      0,
      0,
      0,
      0,
      0,
      0,
      0
    ]
  ],
  "confusion_matrix_normalized": [
    [
      0.953125,
      0.0,
      0.0,
      0.0,
      0.00390625,
      0.0,
      0.0,
      0.0,
      0.0,
      0.0,
      0.04296875,
      0.0
    ],
    [
      0.0,
      0.9325396825396826,
      0.003968253968253968,
      0.0,
      0.0,
      0.0,
      0.0,
      0.0,
      0.0,
      0.011904761904761904,
      0.051587301587301584,
      0.0
    ],
    [
      0.0,
      0.0,
      0.9448529411764706,
      0.0,
      0.0,
      0.0,
      0.007352941176470588,
      0.003676470588235294,
      0.003676470588235294,
      0.0,
      0.04044117647058824,
      0.0
    ],
    [
      0.0,
      0.039525691699604744,
      0.0,
      0.8814229249011858,
      0.0,
      0.0,
      0.0,
      0.0,
      0.0,
      0.007905138339920948,
      0.07114624505928854,
      0.0
    ],
    [
      0.003745318352059925,
      0.0,
      0.0,
      0.0,
      0.9550561797752809,
      0.0,
      0.0,
      0.0,
      0.0,
      0.0,
      0.04119850187265917,
      0.0
    ],
    [
      0.0,
      0.0,
      0.0,
      0.0,
      0.0,
      0.8725868725868726,
      0.0,
      0.0,
      0.0,
      0.0,
      0.1274131274131274,
      0.0
    ],
    [
      0.0,
      0.0,
      0.0,
      0.0,
      0.0,
      0.0,
      0.9227642276422764,
      0.0040650406504065045,
      0.0,
      0.0,
      0.07317073170731707,
      0.0
    ],
    [
      0.0,
      0.0,
      0.003816793893129771,
      0.0,
      0.0,
      0.0,
      0.007633587786259542,
      0.9427480916030534,
      0.0,
      0.0,
      0.04580152671755725,
      0.0
    ],
    [
      0.0,
      0.0,
      0.004016064257028112,
      0.0,
      0.0,
      0.0,
      0.0,
      0.0,
      0.9718875502008032,
      0.0,
      0.024096385542168676,
      0.0
    ],
    [
      0.0,
      0.02390438247011952,
      0.0,
      0.00398406374501992,
      0.0,
      0.0,
      0.0,
      0.00398406374501992,
      0.0,
      0.8685258964143426,
      0.099601593625498,
      0.0
    ],
    [
      0.0,
      0.00023430178069353328,
      0.00046860356138706655,
      0.0011715089034676663,
      0.00023430178069353328,
      0.00023430178069353328,
      0.0011715089034676663,
      0.0009372071227741331,
      0.0,
      0.00046860356138706655,
      0.9950796626054358,
      0.0
    ],
    [
      0.0,
      0.0,
      0.0,
      0.0,
      0.0,
      0.0,
      0.0,
      0.0,
      0.0,
      0.0,
      0.0,
      0.0
    ]
  ],
  "per_class_metrics": [
    {
      "class_index": 0,
      "class_name": "yes",
      "precision": 0.9959183673469387,
      "recall": 0.953125,
      "f1": 0.9740518962075848,
      "support": 256
    },
    {
      "class_index": 1,
      "class_name": "no",
      "precision": 0.9325396825396826,
      "recall": 0.9325396825396826,
      "f1": 0.9325396825396826,
      "support": 252
    },
    {
      "class_index": 2,
      "class_name": "up",
      "precision": 0.9809160305343512,
      "recall": 0.9448529411764706,
      "f1": 0.9625468164794008,
      "support": 272
    },
    {
      "class_index": 3,
      "class_name": "down",
      "precision": 0.9737991266375546,
      "recall": 0.8814229249011858,
      "f1": 0.9253112033195021,
      "support": 253
    },
    {
      "class_index": 4,
      "class_name": "left",
      "precision": 0.9922178988326849,
      "recall": 0.9550561797752809,
      "f1": 0.9732824427480916,
      "support": 267
    },
    {
      "class_index": 5,
      "class_name": "right",
      "precision": 0.9955947136563876,
      "recall": 0.8725868725868726,
      "f1": 0.9300411522633745,
      "support": 259
    },
    {
      "class_index": 6,
      "class_name": "on",
      "precision": 0.961864406779661,
      "recall": 0.9227642276422764,
      "f1": 0.941908713692946,
      "support": 246
    },
    {
      "class_index": 7,
      "class_name": "off",
      "precision": 0.9724409448818898,
      "recall": 0.9427480916030534,
      "f1": 0.9573643410852714,
      "support": 262
    },
    {
      "class_index": 8,
      "class_name": "stop",
      "precision": 0.9958847736625515,
      "recall": 0.9718875502008032,
      "f1": 0.983739837398374,
      "support": 249
    },
    {
      "class_index": 9,
      "class_name": "go",
      "precision": 0.9688888888888889,
      "recall": 0.8685258964143426,
      "f1": 0.9159663865546218,
      "support": 251
    },
    {
      "class_index": 10,
      "class_name": "unknown",
      "precision": 0.9641316685584563,
      "recall": 0.9950796626054358,
      "f1": 0.9793612360198317,
      "support": 4268
    },
    {
      "class_index": 11,
      "class_name": "silence",
      "precision": 0.0,
      "recall": 0.0,
      "f1": 0.0,
      "support": 0
    }
  ],
  "top_confusions": [
    {
      "true_class": "right",
      "predicted_as": "unknown",
      "count": 33,
      "rate_within_true": 0.1274131274131274
    },
    {
      "true_class": "go",
      "predicted_as": "unknown",
      "count": 25,
      "rate_within_true": 0.099601593625498
    },
    {
      "true_class": "down",
      "predicted_as": "unknown",
      "count": 18,
      "rate_within_true": 0.07114624505928854
    },
    {
      "true_class": "on",
      "predicted_as": "unknown",
      "count": 18,
      "rate_within_true": 0.07317073170731707
    },
    {
      "true_class": "no",
      "predicted_as": "unknown",
      "count": 13,
      "rate_within_true": 0.051587301587301584
    },
    {
      "true_class": "off",
      "predicted_as": "unknown",
      "count": 12,
      "rate_within_true": 0.04580152671755725
    },
    {
      "true_class": "yes",
      "predicted_as": "unknown",
      "count": 11,
      "rate_within_true": 0.04296875
    },
    {
      "true_class": "up",
      "predicted_as": "unknown",
      "count": 11,
      "rate_within_true": 0.04044117647058824
    },
    {
      "true_class": "left",
      "predicted_as": "unknown",
      "count": 11,
      "rate_within_true": 0.04119850187265917
    },
    {
      "true_class": "down",
      "predicted_as": "no",
      "count": 10,
      "rate_within_true": 0.039525691699604744
    },
    {
      "true_class": "stop",
      "predicted_as": "unknown",
      "count": 6,
      "rate_within_true": 0.024096385542168676
    },
    {
      "true_class": "go",