{
  "model": "mobilenetv2",
  "seed": 123,
  "threshold": 0.5,
  "epochs_configured": 8,
  "best_epoch": 6,
  "best_val_acc": 0.9731838819523269,
  "val_binary_metrics": {
    "precision": 0.9770468528159015,
    "recall": 0.9782042170101871,
    "f1": 0.9776251923759914,
    "acc": 0.9731838819523269,
    "threshold": 0.5
  },
  "model_parameters": {
    "total": 2225858,
    "trainable": 2225858
  },
  "checkpoint": "outputs\\resnet18\\resnet18_full_unknown_detector_seed123\\unknown_detector_seed123.pt"
}