{
  "model": "resnet18",
  "experiment_name": "resnet18_full_specaugment",
  "seeds": [
    42,
    123,
    2026,
    2137
  ],
  "num_runs": 4,
  "aggregate": {
    "best_validation": {
      "acc": {
        "mean": 0.9761279795686719,
        "std": 0.0011233745475392452,
        "min": 0.9748864926220204,
        "max": 0.9778660612939841,
        "n": 4
      },
      "loss": {
        "mean": 0.08173760002347939,
        "std": 0.00330843387674632,
        "min": 0.07824528799174481,
        "max": 0.0871328340469562,
        "n": 4
      },
      "macro_precision": {
        "mean": 0.9718244473996652,
        "std": 0.001594603029302145,
        "min": 0.9698094791198218,
        "max": 0.9742739641055481,
        "n": 4
      },
      "macro_recall": {
        "mean": 0.9563163974324586,
        "std": 0.0016981573916340005,
        "min": 0.9540287691736138,
        "max": 0.9583378783198099,
        "n": 4
      },
      "macro_f1": {
        "mean": 0.9638254745368819,
        "std": 0.00138531134047173,
        "min": 0.962258278165661,
        "max": 0.9655772198591436,
        "n": 4
      }
    },
    "test": {
      "acc": {
        "mean": 0.9790782735918069,
        "std": 0.0019683429476333165,
        "min": 0.9757132406730066,
        "max": 0.9806876371616678,
        "n": 4
      },
      "loss": {
        "mean": 0.07048326958030131,
        "std": 0.004486909510349511,
        "min": 0.0641994994065582,
        "max": 0.07643829045439822,
        "n": 4
      },
      "macro_precision": {
        "mean": 0.9796098522932438,
        "std": 0.004349315538272686,
        "min": 0.9723553574003724,
        "max": 0.9831327225231908,
        "n": 4
      },
      "macro_recall": {
        "mean": 0.9585598589502176,
        "std": 0.00372901071652811,
        "min": 0.9526145956380632,
        "max": 0.9628882537607655,
        "n": 4
      },
      "macro_f1": {
        "mean": 0.9687423376979167,
        "std": 0.0038908191916145187,
        "min": 0.9620131746644135,
        "max": 0.9712140198207682,
        "n": 4
      },
      "inference_latency_ms": {
        "mean": 1.0349381784931362,
        "std": 0.46502358831441754,
        "min": 0.5855802779780892,
        "max": 1.7330298756415994,
        "n": 4
      }
    },
    "timing": {
      "total_training_time_sec": {
        "mean": 3671.006502866745,
        "std": 1025.170475038439,
        "min": 2659.4302377700806,
        "max": 5383.066178560257,
        "n": 4
      },
      "mean_epoch_time_seconds": {
        "mean": 111.62606390352053,
        "std": 12.659351087677017,
        "min": 92.97474243360408,
        "max": 128.4556802868843,
        "n": 4
      },
      "max_epoch_time_seconds": {
        "mean": 557.7353078126907,
        "std": 124.46100958081168,
        "min": 420.6666774749756,
        "max": 733.5298573970795,
        "n": 4
      }
    },
    "model_parameters": {
      "total": {
        "mean": 11176396.0,
        "std": 0.0,
        "min": 11176396.0,
        "max": 11176396.0,
        "n": 4
      },
      "trainable": {
        "mean": 11176396.0,
        "std": 0.0,
        "min": 11176396.0,
        "max": 11176396.0,
        "n": 4
      }
    },
    "unknown_silence_analysis": {
      "unknown": {
        "precision": {
          "mean": 0.978934454762701,
          "std": 0.0013552914315094315,
          "min": 0.9778801843317972,
          "max": 0.98125,
          "n": 4
        },
        "recall": {
          "mean": 0.993439550140581,
          "std": 0.0010608464313656707,
          "min": 0.9917994376757263,
          "max": 0.9943767572633552,
          "n": 4
        }
      },
      "silence": {
        "precision": {
          "mean": 0.0,
          "std": 0.0,
          "min": 0.0,
          "max": 0.0,
          "n": 4
        },
        "recall": {
          "mean": 0.0,
          "std": 0.0,
          "min": 0.0,
          "max": 0.0,
          "n": 4
        }
      }
    }
  },
  "per_seed_runs": [
    {
      "seed": 42,
      "experiment_name": "resnet18_full_specaugment_seed42",
      "run_output_dir": "outputs\\resnet18\\resnet18_full_specaugment_seed42",
      "summary_path": "outputs\\resnet18\\resnet18_full_specaugment_seed42\\summary_seed42.json",
      "artifacts": {
        "checkpoint": "outputs\\resnet18\\resnet18_full_specaugment_seed42\\best_model_seed42.pt",
        "history_csv": "outputs\\resnet18\\resnet18_full_specaugment_seed42\\history_seed42.csv",
        "summary_json": "outputs\\resnet18\\resnet18_full_specaugment_seed42\\summary_seed42.json",
        "config_yaml": "outputs\\resnet18\\resnet18_full_specaugment_seed42\\config_seed42.yaml",
        "confusion_matrix_json": "outputs\\resnet18\\resnet18_full_specaugment_seed42\\confusion_matrix_seed42.json",
        "confusion_matrix_png": "outputs\\resnet18\\resnet18_full_specaugment_seed42\\confusion_matrix_seed42.png",
        "error_analysis_json": "outputs\\resnet18\\resnet18_full_specaugment_seed42\\error_analysis_seed42.json",
        "unknown_detector_checkpoint": "outputs\\resnet18\\resnet18_full_specaugment_seed42\\unknown_detector_seed42.pt",
        "unknown_detector_summary_json": "outputs\\resnet18\\resnet18_full_specaugment_seed42\\unknown_detector_summary_seed42.json"
      },
      "epochs": {
        "configured": 40,
        "ran": 28,
        "early_stopped": true,
        "best_epoch": 19
      },
      "best_validation": {
        "acc": 0.9748864926220204,
        "loss": 0.0871328340469562,
        "macro_precision": 0.9698094791198218,
        "macro_recall": 0.9554054622899915,
        "macro_f1": 0.962258278165661
      },
      "test": {
        "loss": 0.07643829045439822,
        "acc": 0.9757132406730066,
        "macro_precision": 0.9723553574003724,
        "macro_recall": 0.9526145956380632,
        "macro_f1": 0.9620131746644135,
        "inference_time_sec": 8.062858500012226,
        "inference_latency_ms": 1.179642794442169,
        "used_separate_unknown_detector": false
      },
      "timing": {
        "total_training_time_sec": 3366.177538394928,
        "mean_epoch_time_seconds": 114.57033658879143,
        "max_epoch_time_seconds": 733.5298573970795
      },
      "model_parameters": {
        "total": 11176396,
        "trainable": 11176396
      },
      "unknown_silence_analysis": {
        "unknown": {
          "precision": 0.978502080443828,
          "recall": 0.9917994376757263,
          "support": 4268,
          "predicted_total": 4326,
          "most_confused_as": "go",
          "most_common_source_as_prediction": "right"
        },
        "silence": {
          "precision": 0.0,
          "recall": 0.0,
          "support": 0,
          "predicted_total": 0,
          "most_confused_as": null,
          "most_common_source_as_prediction": null
        }
      }
    },
    {
      "seed": 123,
      "experiment_name": "resnet18_full_specaugment_seed123",
      "run_output_dir": "outputs\\resnet18\\resnet18_full_specaugment_seed123",
      "summary_path": "outputs\\resnet18\\resnet18_full_specaugment_seed123\\summary_seed123.json",
      "artifacts": {
        "checkpoint": "outputs\\resnet18\\resnet18_full_specaugment_seed123\\best_model_seed123.pt",
        "history_csv": "outputs\\resnet18\\resnet18_full_specaugment_seed123\\history_seed123.csv",
        "summary_json": "outputs\\resnet18\\resnet18_full_specaugment_seed123\\summary_seed123.json",
        "config_yaml": "outputs\\resnet18\\resnet18_full_specaugment_seed123\\config_seed123.yaml",
        "confusion_matrix_json": "outputs\\resnet18\\resnet18_full_specaugment_seed123\\confusion_matrix_seed123.json",
        "confusion_matrix_png": "outputs\\resnet18\\resnet18_full_specaugment_seed123\\confusion_matrix_seed123.png",
        "error_analysis_json": "outputs\\resnet18\\resnet18_full_specaugment_seed123\\error_analysis_seed123.json",