{
  "class_names": [
    "yes",
    "no",
    "up",
    "down",
    "left",
    "right",
    "on",
    "off",
    "stop",
    "go",
    "unknown",
    "silence"
  ],
  "confusion_matrix": [
    [
      247,
      0,
      0,
      0,
      0,
      0,
      0,
      0,
      0,
      0,
      9,
      0
    ],
    [
      0,
      234,
      0,
      3,
      0,
      0,
      0,
      0,
      0,
      4,
      11,
      0
    ],
    [
      0,
      0,
      255,
      0,
      0,
      0,
      1,
      1,
      0,
      0,
      15,
      0
    ],
    [
      0,
      7,
      0,
      230,
      0,
      0,
      0,
      0,
      0,
      4,
      12,
      0
    ],
    [
      4,
      2,
      0,
      0,
      244,
      0,
      0,
      0,
      0,
      0,
      17,
      0
    ],
    [
      0,
      0,
      0,
      0,
      0,
      230,
      0,
      0,
      0,
      0,
      29,
      0
    ],
    [
      0,
      0,
      0,
      0,
      0,
      0,
      238,
      0,
      0,
      0,
      8,
      0
    ],
    [
      0,
      0,
      1,
      0,
      0,
      0,
      7,
      245,
      0,
      0,
      9,
      0
    ],
    [
      0,
      2,
      2,
      4,
      0,
      0,
      0,
      0,
      226,
      1,
      14,
      0
    ],
    [
      0,
      4,
      0,
      1,
      0,
      0,
      1,
      1,
      0,
      226,
      18,
      0
    ],
    [
      3,
      6,
      0,
      6,
      0,
      2,
      15,
      3,
      0,
      10,
      4223,
      0
    ],
    [
      0,
      0,
      0,
      0,
      0,
      0,
      0,
      0,
      0,
      0,
      0,
      0
    ]
  ],
  "confusion_matrix_normalized": [
    [
      0.96484375,
      0.0,
      0.0,
      0.0,
      0.0,
      0.0,
      0.0,
      0.0,
      0.0,
      0.0,
      0.03515625,
      0.0
    ],
    [
      0.0,
      0.9285714285714286,
      0.0,
      0.011904761904761904,
      0.0,
      0.0,
      0.0,
      0.0,
      0.0,
      0.015873015873015872,
      0.04365079365079365,
      0.0
    ],
    [
      0.0,
      0.0,
      0.9375,
      0.0,
      0.0,
      0.0,
      0.003676470588235294,
      0.003676470588235294,
      0.0,
      0.0,
      0.05514705882352941,
      0.0
    ],
    [
      0.0,
      0.02766798418972332,
      0.0,
      0.9090909090909091,
      0.0,
      0.0,
      0.0,
      0.0,
      0.0,
      0.015810276679841896,
      0.04743083003952569,
      0.0
    ],
    [
      0.0149812734082397,
      0.00749063670411985,
      0.0,
      0.0,
      0.9138576779026217,
      0.0,
      0.0,
      0.0,
      0.0,
      0.0,
      0.06367041198501873,
      0.0
    ],
    [
      0.0,
      0.0,
      0.0,
      0.0,
      0.0,
      0.888030888030888,
      0.0,
      0.0,
      0.0,
      0.0,
      0.11196911196911197,
      0.0
    ],
    [
      0.0,
      0.0,
      0.0,
      0.0,
      0.0,
      0.0,
      0.967479674796748,
      0.0,
      0.0,
      0.0,
      0.032520325203252036,
      0.0
    ],
    [
      0.0,
      0.0,
      0.003816793893129771,
      0.0,
      0.0,
      0.0,
      0.026717557251908396,
      0.9351145038167938,
      0.0,
      0.0,
      0.03435114503816794,
      0.0
    ],
    [
      0.0,
      0.008032128514056224,
      0.008032128514056224,
      0.01606425702811245,
      0.0,
      0.0,
      0.0,
      0.0,
      0.9076305220883534,
      0.004016064257028112,
      0.05622489959839357,
      0.0
    ],
    [
      0.0,
      0.01593625498007968,
      0.0,
      0.00398406374501992,
      0.0,
      0.0,
      0.00398406374501992,
      0.00398406374501992,
      0.0,
      0.900398406374502,
      0.07171314741035857,
      0.0
    ],
    [
      0.0007029053420805998,
      0.0014058106841611997,
      0.0,
      0.0014058106841611997,
      0.0,
      0.00046860356138706655,
      0.003514526710402999,
      0.0007029053420805998,
      0.0,
      0.0023430178069353325,
      0.989456419868791,
      0.0
    ],
    [
      0.0,
      0.0,
      0.0,
      0.0,
      0.0,
      0.0,
      0.0,
      0.0,
      0.0,
      0.0,
      0.0,
      0.0
    ]
  ],
  "per_class_metrics": [
    {
      "class_index": 0,
      "class_name": "yes",
      "precision": 0.9724409448818898,
      "recall": 0.96484375,
      "f1": 0.9686274509803922,
      "support": 256
    },
    {
      "class_index": 1,
      "class_name": "no",
      "precision": 0.9176470588235294,
      "recall": 0.9285714285714286,
      "f1": 0.9230769230769231,
      "support": 252
    },
    {
      "class_index": 2,
      "class_name": "up",
      "precision": 0.9883720930232558,
      "recall": 0.9375,
      "f1": 0.9622641509433962,
      "support": 272
    },
    {
      "class_index": 3,
      "class_name": "down",
      "precision": 0.9426229508196722,
      "recall": 0.9090909090909091,
      "f1": 0.9255533199195171,
      "support": 253
    },
    {
      "class_index": 4,
      "class_name": "left",
      "precision": 1.0,
      "recall": 0.9138576779026217,
      "f1": 0.9549902152641878,
      "support": 267
    },
    {
      "class_index": 5,
      "class_name": "right",
      "precision": 0.9913793103448276,
      "recall": 0.888030888030888,
      "f1": 0.9368635437881874,
      "support": 259
    },
    {
      "class_index": 6,
      "class_name": "on",
      "precision": 0.9083969465648855,
      "recall": 0.967479674796748,
      "f1": 0.937007874015748,
      "support": 246
    },
    {
      "class_index": 7,
      "class_name": "off",
      "precision": 0.98,
      "recall": 0.9351145038167938,
      "f1": 0.95703125,
      "support": 262
    },
    {
      "class_index": 8,
      "class_name": "stop",
      "precision": 1.0,
      "recall": 0.9076305220883534,
      "f1": 0.9515789473684211,
      "support": 249
    },
    {
      "class_index": 9,
      "class_name": "go",
      "precision": 0.9224489795918367,
      "recall": 0.900398406374502,
      "f1": 0.9112903225806451,
      "support": 251
    },
    {
      "class_index": 10,
      "class_name": "unknown",
      "precision": 0.9674684994272623,
      "recall": 0.989456419868791,
      "f1": 0.9783389320050967,
      "support": 4268
    },
    {
      "class_index": 11,
      "class_name": "silence",
      "precision": 0.0,
      "recall": 0.0,
      "f1": 0.0,
      "support": 0
    }
  ],
  "top_confusions": [
    {
      "true_class": "right",
      "predicted_as": "unknown",
      "count": 29,
      "rate_within_true": 0.11196911196911197
    },
    {
      "true_class": "go",
      "predicted_as": "unknown",
      "count": 18,
      "rate_within_true": 0.07171314741035857
    },
    {
      "true_class": "left",
      "predicted_as": "unknown",
      "count": 17,
      "rate_within_true": 0.06367041198501873
    },
    {
      "true_class": "up",
      "predicted_as": "unknown",
      "count": 15,
      "rate_within_true": 0.05514705882352941
    },
    {
      "true_class": "unknown",
      "predicted_as": "on",
      "count": 15,
      "rate_within_true": 0.003514526710402999
    },
    {
      "true_class": "stop",
      "predicted_as": "unknown",
      "count": 14,
      "rate_within_true": 0.05622489959839357
    },
    {
      "true_class": "down",
      "predicted_as": "unknown",
      "count": 12,
      "rate_within_true": 0.04743083003952569
    },
    {
      "true_class": "no",
      "predicted_as": "unknown",
      "count": 11,
      "rate_within_true": 0.04365079365079365
    },
    {
      "true_class": "unknown",
      "predicted_as": "go",
      "count": 10,
      "rate_within_true": 0.0023430178069353325
    },
    {
      "true_class": "yes",
      "predicted_as": "unknown",
      "count": 9,
      "rate_within_true": 0.03515625
    },
    {
      "true_class": "off",
      "predicted_as": "unknown",
      "count": 9,
      "rate_within_true": 0.03435114503816794
    },
    {
      "true_class": "on",
      "predicted_as": "unknown",
      "count": 8,