{
  "class_names": [
    "yes",
    "no",
    "up",
    "down",
    "left",
    "right",
    "on",
    "off",
    "stop",
    "go",
    "unknown",
    "silence"
  ],
  "confusion_matrix": [
    [
      249,
      0,
      0,
      0,
      1,
      0,
      0,
      3,
      0,
      0,
      3,
      0
    ],
    [
      0,
      237,
      0,
      1,
      0,
      0,
      0,
      5,
      0,
      5,
      4,
      0
    ],
    [
      0,
      0,
      263,
      0,
      0,
      0,
      0,
      2,
      0,
      1,
      6,
      0
    ],
    [
      0,
      4,
      1,
      237,
      0,
      0,
      0,
      3,
      0,
      3,
      5,
      0
    ],
    [
      3,
      2,
      0,
      0,
      256,
      0,
      0,
      2,
      0,
      0,
      4,
      0
    ],
    [
      0,
      0,
      0,
      0,
      0,
      227,
      1,
      4,
      0,
      1,
      26,
      0
    ],
    [
      0,
      0,
      0,
      0,
      0,
      0,
      226,
      8,
      0,
      0,
      12,
      0
    ],
    [
      0,
      0,
      7,
      0,
      1,
      0,
      0,
      243,
      1,
      0,
      10,
      0
    ],
    [
      0,
      0,
      0,
      1,
      0,
      0,
      1,
      1,
      245,
      0,
      1,
      0
    ],
    [
      0,
      6,
      0,
      0,
      0,
      0,
      0,
      5,
      0,
      235,
      5,
      0
    ],
    [
      3,
      6,
      4,
      7,
      5,
      3,
      15,
      28,
      3,
      20,
      4174,
      0
    ],
    [
      0,
      0,
      0,
      0,
      0,
      0,
      0,
      0,
      0,
      0,
      0,
      0
    ]
  ],
  "confusion_matrix_normalized": [
    [
      0.97265625,
      0.0,
      0.0,
      0.0,
      0.00390625,
      0.0,
      0.0,
      0.01171875,
      0.0,
      0.0,
      0.01171875,
      0.0
    ],
    [
      0.0,
      0.9404761904761905,
      0.0,
      0.003968253968253968,
      0.0,
      0.0,
      0.0,
      0.01984126984126984,
      0.0,
      0.01984126984126984,
      0.015873015873015872,
      0.0
    ],
    [
      0.0,
      0.0,
      0.9669117647058824,
      0.0,
      0.0,
      0.0,
      0.0,
      0.007352941176470588,
      0.0,
      0.003676470588235294,
      0.022058823529411766,
      0.0
    ],
    [
      0.0,
      0.015810276679841896,
      0.003952569169960474,
      0.9367588932806324,
      0.0,
      0.0,
      0.0,
      0.011857707509881422,
      0.0,
      0.011857707509881422,
      0.019762845849802372,
      0.0
    ],
    [
      0.011235955056179775,
      0.00749063670411985,
      0.0,
      0.0,
      0.9588014981273408,
      0.0,
      0.0,
      0.00749063670411985,
      0.0,
      0.0,
      0.0149812734082397,
      0.0
    ],
    [
      0.0,
      0.0,
      0.0,
      0.0,
      0.0,
      0.8764478764478765,
      0.003861003861003861,
      0.015444015444015444,
      0.0,
      0.003861003861003861,
      0.10038610038610038,
      0.0
    ],
    [
      0.0,
      0.0,
      0.0,
      0.0,
      0.0,
      0.0,
      0.9186991869918699,
      0.032520325203252036,
      0.0,
      0.0,
      0.04878048780487805,
      0.0
    ],
    [
      0.0,
      0.0,
      0.026717557251908396,
      0.0,
      0.003816793893129771,
      0.0,
      0.0,
      0.9274809160305344,
      0.003816793893129771,
      0.0,
      0.03816793893129771,
      0.0
    ],
    [
      0.0,
      0.0,
      0.0,
      0.004016064257028112,
      0.0,
      0.0,
      0.004016064257028112,
      0.004016064257028112,
      0.9839357429718876,
      0.0,
      0.004016064257028112,
      0.0
    ],
    [
      0.0,
      0.02390438247011952,
      0.0,
      0.0,
      0.0,
      0.0,
      0.0,
      0.0199203187250996,
      0.0,
      0.9362549800796812,
      0.0199203187250996,
      0.0
    ],
    [
      0.0007029053420805998,
      0.0014058106841611997,
      0.0009372071227741331,
      0.0016401124648547328,
      0.0011715089034676663,
      0.0007029053420805998,
      0.003514526710402999,
      0.006560449859418931,
      0.0007029053420805998,
      0.004686035613870665,
      0.9779756326148079,
      0.0
    ],
    [
      0.0,
      0.0,
      0.0,
      0.0,
      0.0,
      0.0,
      0.0,
      0.0,
      0.0,
      0.0,
      0.0,
      0.0
    ]
  ],
  "per_class_metrics": [
    {
      "class_index": 0,
      "class_name": "yes",
      "precision": 0.9764705882352941,
      "recall": 0.97265625,
      "f1": 0.974559686888454,
      "support": 256
    },
    {
      "class_index": 1,
      "class_name": "no",
      "precision": 0.9294117647058824,
      "recall": 0.9404761904761905,
      "f1": 0.9349112426035503,
      "support": 252
    },
    {
      "class_index": 2,
      "class_name": "up",
      "precision": 0.9563636363636364,
      "recall": 0.9669117647058824,
      "f1": 0.9616087751371115,
      "support": 272
    },
    {
      "class_index": 3,
      "class_name": "down",
      "precision": 0.9634146341463414,
      "recall": 0.9367588932806324,
      "f1": 0.9498997995991983,
      "support": 253
    },
    {
      "class_index": 4,
      "class_name": "left",
      "precision": 0.973384030418251,
      "recall": 0.9588014981273408,
      "f1": 0.9660377358490566,
      "support": 267
    },
    {
      "class_index": 5,
      "class_name": "right",
      "precision": 0.9869565217391304,
      "recall": 0.8764478764478765,
      "f1": 0.9284253578732107,
      "support": 259
    },
    {
      "class_index": 6,
      "class_name": "on",
      "precision": 0.9300411522633745,
      "recall": 0.9186991869918699,
      "f1": 0.9243353783231084,
      "support": 246
    },
    {
      "class_index": 7,
      "class_name": "off",
      "precision": 0.7993421052631579,
      "recall": 0.9274809160305344,
      "f1": 0.8586572438162544,
      "support": 262
    },
    {
      "class_index": 8,
      "class_name": "stop",
      "precision": 0.9839357429718876,
      "recall": 0.9839357429718876,
      "f1": 0.9839357429718876,
      "support": 249
    },
    {
      "class_index": 9,
      "class_name": "go",
      "precision": 0.8867924528301887,
      "recall": 0.9362549800796812,
      "f1": 0.9108527131782945,
      "support": 251
    },
    {
      "class_index": 10,
      "class_name": "unknown",
      "precision": 0.9821176470588235,
      "recall": 0.9779756326148079,
      "f1": 0.9800422634421225,
      "support": 4268
    },
    {
      "class_index": 11,
      "class_name": "silence",
      "precision": 0.0,
      "recall": 0.0,
      "f1": 0.0,
      "support": 0
    }
  ],
  "top_confusions": [
    {
      "true_class": "unknown",
      "predicted_as": "off",
      "count": 28,
      "rate_within_true": 0.006560449859418931
    },
    {
      "true_class": "right",
      "predicted_as": "unknown",
      "count": 26,
      "rate_within_true": 0.10038610038610038
    },
    {
      "true_class": "unknown",
      "predicted_as": "go",
      "count": 20,
      "rate_within_true": 0.004686035613870665
    },
    {
      "true_class": "unknown",
      "predicted_as": "on",
      "count": 15,
      "rate_within_true": 0.003514526710402999
    },
    {
      "true_class": "on",
      "predicted_as": "unknown",
      "count": 12,
      "rate_within_true": 0.04878048780487805
    },
    {
      "true_class": "off",
      "predicted_as": "unknown",
      "count": 10,
      "rate_within_true": 0.03816793893129771
    },
    {
      "true_class": "on",
      "predicted_as": "off",
      "count": 8,
      "rate_within_true": 0.032520325203252036
    },
    {
      "true_class": "off",
      "predicted_as": "up",
      "count": 7,
      "rate_within_true": 0.026717557251908396
    },
    {
      "true_class": "unknown",
      "predicted_as": "down",
      "count": 7,
      "rate_within_true": 0.0016401124648547328
    },
    {
      "true_class": "up",
      "predicted_as": "unknown",
      "count": 6,