{
  "class_names": [
    "yes",
    "no",
    "up",
    "down",
    "left",
    "right",
    "on",
    "off",
    "stop",
    "go",
    "unknown",
    "silence"
  ],
  "confusion_matrix": [
    [
      249,
      0,
      2,
      0,
      0,
      0,
      0,
      0,
      0,
      0,
      5,
      0
    ],
    [
      1,
      220,
      1,
      14,
      0,
      0,
      0,
      0,
      0,
      5,
      11,
      0
    ],
    [
      0,
      1,
      262,
      0,
      0,
      0,
      0,
      2,
      1,
      1,
      5,
      0
    ],
    [
      0,
      1,
      0,
      241,
      0,
      0,
      0,
      0,
      0,
      5,
      5,
      1
    ],
    [
      7,
      0,
      0,
      0,
      253,
      0,
      0,
      0,
      0,
      0,
      6,
      1
    ],
    [
      0,
      1,
      0,
      0,
      0,
      237,
      0,
      0,
      0,
      0,
      21,
      0
    ],
    [
      0,
      0,
      0,
      0,
      0,
      0,
      238,
      0,
      0,
      1,
      7,
      0
    ],
    [
      0,
      0,
      2,
      0,
      0,
      0,
      11,
      243,
      0,
      0,
      6,
      0
    ],
    [
      0,
      0,
      0,
      1,
      0,
      0,
      0,
      0,
      244,
      0,
      4,
      0
    ],
    [
      0,
      3,
      1,
      3,
      0,
      0,
      0,
      1,
      0,
      226,
      17,
      0
    ],
    [
      7,
      12,
      9,
      22,
      3,
      5,
      26,
      1,
      1,
      12,
      4170,
      0
    ],
    [
      0,
      0,
      0,
      0,
      0,
      0,
      0,
      0,
      0,
      0,
      0,
      0
    ]
  ],
  "confusion_matrix_normalized": [
    [
      0.97265625,
      0.0,
      0.0078125,
      0.0,
      0.0,
      0.0,
      0.0,
      0.0,
      0.0,
      0.0,
      0.01953125,
      0.0
    ],
    [
      0.003968253968253968,
      0.873015873015873,
      0.003968253968253968,
      0.05555555555555555,
      0.0,
      0.0,
      0.0,
      0.0,
      0.0,
      0.01984126984126984,
      0.04365079365079365,
      0.0
    ],
    [
      0.0,
      0.003676470588235294,
      0.9632352941176471,
      0.0,
      0.0,
      0.0,
      0.0,
      0.007352941176470588,
      0.003676470588235294,
      0.003676470588235294,
      0.01838235294117647,
      0.0
    ],
    [
      0.0,
      0.003952569169960474,
      0.0,
      0.9525691699604744,
      0.0,
      0.0,
      0.0,
      0.0,
      0.0,
      0.019762845849802372,
      0.019762845849802372,
      0.003952569169960474
    ],
    [
      0.026217228464419477,
      0.0,
      0.0,
      0.0,
      0.947565543071161,
      0.0,
      0.0,
      0.0,
      0.0,
      0.0,
      0.02247191011235955,
      0.003745318352059925
    ],
    [
      0.0,
      0.003861003861003861,
      0.0,
      0.0,
      0.0,
      0.915057915057915,
      0.0,
      0.0,
      0.0,
      0.0,
      0.08108108108108109,
      0.0
    ],
    [
      0.0,
      0.0,
      0.0,
      0.0,
      0.0,
      0.0,
      0.967479674796748,
      0.0,
      0.0,
      0.0040650406504065045,
      0.028455284552845527,
      0.0
    ],
    [
      0.0,
      0.0,
      0.007633587786259542,
      0.0,
      0.0,
      0.0,
      0.04198473282442748,
      0.9274809160305344,
      0.0,
      0.0,
      0.022900763358778626,
      0.0
    ],
    [
      0.0,
      0.0,
      0.0,
      0.004016064257028112,
      0.0,
      0.0,
      0.0,
      0.0,
      0.9799196787148594,
      0.0,
      0.01606425702811245,
      0.0
    ],
    [
      0.0,
      0.01195219123505976,
      0.00398406374501992,
      0.01195219123505976,
      0.0,
      0.0,
      0.0,
      0.00398406374501992,
      0.0,
      0.900398406374502,
      0.06772908366533864,
      0.0
    ],
    [
      0.0016401124648547328,
      0.0028116213683223993,
      0.0021087160262417996,
      0.005154639175257732,
      0.0007029053420805998,
      0.0011715089034676663,
      0.006091846298031865,
      0.00023430178069353328,
      0.00023430178069353328,
      0.0028116213683223993,
      0.9770384254920338,
      0.0
    ],
    [
      0.0,
      0.0,
      0.0,
      0.0,
      0.0,
      0.0,
      0.0,
      0.0,
      0.0,
      0.0,
      0.0,
      0.0
    ]
  ],
  "per_class_metrics": [
    {
      "class_index": 0,
      "class_name": "yes",
      "precision": 0.9431818181818182,
      "recall": 0.97265625,
      "f1": 0.9576923076923077,
      "support": 256
    },
    {
      "class_index": 1,
      "class_name": "no",
      "precision": 0.9243697478991597,
      "recall": 0.873015873015873,
      "f1": 0.8979591836734694,
      "support": 252
    },
    {
      "class_index": 2,
      "class_name": "up",
      "precision": 0.9458483754512635,
      "recall": 0.9632352941176471,
      "f1": 0.9544626593806922,
      "support": 272
    },
    {
      "class_index": 3,
      "class_name": "down",
      "precision": 0.8576512455516014,
      "recall": 0.9525691699604744,
      "f1": 0.9026217228464419,
      "support": 253
    },
    {
      "class_index": 4,
      "class_name": "left",
      "precision": 0.98828125,
      "recall": 0.947565543071161,
      "f1": 0.9674952198852772,
      "support": 267
    },
    {
      "class_index": 5,
      "class_name": "right",
      "precision": 0.9793388429752066,
      "recall": 0.915057915057915,
      "f1": 0.9461077844311377,
      "support": 259
    },
    {
      "class_index": 6,
      "class_name": "on",
      "precision": 0.8654545454545455,
      "recall": 0.967479674796748,
      "f1": 0.9136276391554703,
      "support": 246
    },
    {
      "class_index": 7,
      "class_name": "off",
      "precision": 0.9838056680161943,
      "recall": 0.9274809160305344,
      "f1": 0.9548133595284872,
      "support": 262
    },
    {
      "class_index": 8,
      "class_name": "stop",
      "precision": 0.991869918699187,
      "recall": 0.9799196787148594,
      "f1": 0.9858585858585859,
      "support": 249
    },
    {
      "class_index": 9,
      "class_name": "go",
      "precision": 0.904,
      "recall": 0.900398406374502,
      "f1": 0.9021956087824351,
      "support": 251
    },
    {
      "class_index": 10,
      "class_name": "unknown",
      "precision": 0.9795630725863284,
      "recall": 0.9770384254920338,
      "f1": 0.9782991202346041,
      "support": 4268
    },
    {
      "class_index": 11,
      "class_name": "silence",
      "precision": 0.0,
      "recall": 0.0,
      "f1": 0.0,
      "support": 0
    }
  ],
  "top_confusions": [
    {
      "true_class": "unknown",
      "predicted_as": "on",
      "count": 26,
      "rate_within_true": 0.006091846298031865
    },
    {
      "true_class": "unknown",
      "predicted_as": "down",
      "count": 22,
      "rate_within_true": 0.005154639175257732
    },
    {
      "true_class": "right",
      "predicted_as": "unknown",
      "count": 21,
      "rate_within_true": 0.08108108108108109
    },
    {
      "true_class": "go",
      "predicted_as": "unknown",
      "count": 17,
      "rate_within_true": 0.06772908366533864
    },
    {
      "true_class": "no",
      "predicted_as": "down",
      "count": 14,
      "rate_within_true": 0.05555555555555555
    },
    {
      "true_class": "unknown",
      "predicted_as": "no",
      "count": 12,
      "rate_within_true": 0.0028116213683223993
    },
    {
      "true_class": "unknown",
      "predicted_as": "go",
      "count": 12,
      "rate_within_true": 0.0028116213683223993
    },
    {
      "true_class": "no",
      "predicted_as": "unknown",
      "count": 11,
      "rate_within_true": 0.04365079365079365
    },
    {
      "true_class": "off",
      "predicted_as": "on",
      "count": 11,
      "rate_within_true": 0.04198473282442748
    },
    {
      "true_class": "unknown",
      "predicted_as": "up",
      "count": 9,
      "rate_within_true": 0.0021087160262417996
    },
    {
      "true_class": "left",