{
  "class_names": [
    "yes",
    "no",
    "up",
    "down",
    "left",
    "right",
    "on",
    "off",
    "stop",
    "go",
    "unknown",
    "silence"
  ],
  "confusion_matrix": [
    [
      247,
      0,
      0,
      0,
      0,
      0,
      0,
      0,
      0,
      0,
      9,
      0
    ],
    [
      0,
      231,
      0,
      2,
      0,
      0,
      0,
      0,
      0,
      4,
      15,
      0
    ],
    [
      0,
      0,
      259,
      0,
      0,
      0,
      0,
      1,
      1,
      0,
      11,
      0
    ],
    [
      0,
      3,
      0,
      234,
      0,
      0,
      0,
      0,
      0,
      2,
      14,
      0
    ],
    [
      3,
      0,
      0,
      0,
      251,
      0,
      0,
      0,
      0,
      0,
      13,
      0
    ],
    [
      0,
      0,
      0,
      0,
      0,
      233,
      0,
      0,
      0,
      0,
      26,
      0
    ],
    [
      0,
      0,
      0,
      0,
      0,
      0,
      224,
      5,
      0,
      0,
      17,
      0
    ],
    [
      0,
      0,
      3,
      0,
      0,
      0,
      0,
      255,
      0,
      0,
      4,
      0
    ],
    [
      0,
      0,
      4,
      0,
      0,
      0,
      0,
      0,
      238,
      0,
      7,
      0
    ],
    [
      0,
      3,
      1,
      6,
      1,
      0,
      0,
      0,
      0,
      217,
      23,
      0
    ],
    [
      0,
      2,
      3,
      2,
      5,
      2,
      1,
      2,
      0,
      7,
      4244,
      0
    ],
    [
      0,
      0,
      0,
      0,
      0,
      0,
      0,
      0,
      0,
      0,
      0,
      0
    ]
  ],
  "confusion_matrix_normalized": [
    [
      0.96484375,
      0.0,
      0.0,
      0.0,
      0.0,
      0.0,
      0.0,
      0.0,
      0.0,
      0.0,
      0.03515625,
      0.0
    ],
    [
      0.0,
      0.9166666666666666,
      0.0,
      0.007936507936507936,
      0.0,
      0.0,
      0.0,
      0.0,
      0.0,
      0.015873015873015872,
      0.05952380952380952,
      0.0
    ],
    [
      0.0,
      0.0,
      0.9522058823529411,
      0.0,
      0.0,
      0.0,
      0.0,
      0.003676470588235294,
      0.003676470588235294,
      0.0,
      0.04044117647058824,
      0.0
    ],
    [
      0.0,
      0.011857707509881422,
      0.0,
      0.924901185770751,
      0.0,
      0.0,
      0.0,
      0.0,
      0.0,
      0.007905138339920948,
      0.05533596837944664,
      0.0
    ],
    [
      0.011235955056179775,
      0.0,
      0.0,
      0.0,
      0.9400749063670412,
      0.0,
      0.0,
      0.0,
      0.0,
      0.0,
      0.04868913857677903,
      0.0
    ],
    [
      0.0,
      0.0,
      0.0,
      0.0,
      0.0,
      0.8996138996138996,
      0.0,
      0.0,
      0.0,
      0.0,
      0.10038610038610038,
      0.0
    ],
    [
      0.0,
      0.0,
      0.0,
      0.0,
      0.0,
      0.0,
      0.9105691056910569,
      0.02032520325203252,
      0.0,
      0.0,
      0.06910569105691057,
      0.0
    ],
    [
      0.0,
      0.0,
      0.011450381679389313,
      0.0,
      0.0,
      0.0,
      0.0,
      0.9732824427480916,
      0.0,
      0.0,
      0.015267175572519083,
      0.0
    ],
    [
      0.0,
      0.0,
      0.01606425702811245,
      0.0,
      0.0,
      0.0,
      0.0,
      0.0,
      0.9558232931726908,
      0.0,
      0.028112449799196786,
      0.0
    ],
    [
      0.0,
      0.01195219123505976,
      0.00398406374501992,
      0.02390438247011952,
      0.00398406374501992,
      0.0,
      0.0,
      0.0,
      0.0,
      0.8645418326693227,
      0.09163346613545817,
      0.0
    ],
    [
      0.0,
      0.00046860356138706655,
      0.0007029053420805998,
      0.00046860356138706655,
      0.0011715089034676663,
      0.00046860356138706655,
      0.00023430178069353328,
      0.00046860356138706655,
      0.0,
      0.0016401124648547328,
      0.9943767572633552,
      0.0
    ],
    [
      0.0,
      0.0,
      0.0,
      0.0,
      0.0,
      0.0,
      0.0,
      0.0,
      0.0,
      0.0,
      0.0,
      0.0
    ]
  ],
  "per_class_metrics": [
    {
      "class_index": 0,
      "class_name": "yes",
      "precision": 0.988,
      "recall": 0.96484375,
      "f1": 0.9762845849802372,
      "support": 256
    },
    {
      "class_index": 1,
      "class_name": "no",
      "precision": 0.9665271966527197,
      "recall": 0.9166666666666666,
      "f1": 0.9409368635437881,
      "support": 252
    },
    {
      "class_index": 2,
      "class_name": "up",
      "precision": 0.9592592592592593,
      "recall": 0.9522058823529411,
      "f1": 0.955719557195572,
      "support": 272
    },
    {
      "class_index": 3,
      "class_name": "down",
      "precision": 0.9590163934426229,
      "recall": 0.924901185770751,
      "f1": 0.9416498993963782,
      "support": 253
    },
    {
      "class_index": 4,
      "class_name": "left",
      "precision": 0.9766536964980544,
      "recall": 0.9400749063670412,
      "f1": 0.9580152671755725,
      "support": 267
    },
    {
      "class_index": 5,
      "class_name": "right",
      "precision": 0.9914893617021276,
      "recall": 0.8996138996138996,
      "f1": 0.9433198380566802,
      "support": 259
    },
    {
      "class_index": 6,
      "class_name": "on",
      "precision": 0.9955555555555555,
      "recall": 0.9105691056910569,
      "f1": 0.9511677282377919,
      "support": 246
    },
    {
      "class_index": 7,
      "class_name": "off",
      "precision": 0.9695817490494296,
      "recall": 0.9732824427480916,
      "f1": 0.9714285714285714,
      "support": 262
    },
    {
      "class_index": 8,
      "class_name": "stop",
      "precision": 0.99581589958159,
      "recall": 0.9558232931726908,
      "f1": 0.9754098360655737,
      "support": 249
    },
    {
      "class_index": 9,
      "class_name": "go",
      "precision": 0.9434782608695652,
      "recall": 0.8645418326693227,
      "f1": 0.9022869022869023,
      "support": 251
    },
    {
      "class_index": 10,
      "class_name": "unknown",
      "precision": 0.9682865617157198,
      "recall": 0.9943767572633552,
      "f1": 0.9811582476014333,
      "support": 4268
    },
    {
      "class_index": 11,
      "class_name": "silence",
      "precision": 0.0,
      "recall": 0.0,
      "f1": 0.0,
      "support": 0
    }
  ],
  "top_confusions": [
    {
      "true_class": "right",
      "predicted_as": "unknown",
      "count": 26,
      "rate_within_true": 0.10038610038610038
    },
    {
      "true_class": "go",
      "predicted_as": "unknown",
      "count": 23,
      "rate_within_true": 0.09163346613545817
    },
    {
      "true_class": "on",
      "predicted_as": "unknown",
      "count": 17,
      "rate_within_true": 0.06910569105691057
    },
    {
      "true_class": "no",
      "predicted_as": "unknown",
      "count": 15,
      "rate_within_true": 0.05952380952380952
    },
    {
      "true_class": "down",
      "predicted_as": "unknown",
      "count": 14,
      "rate_within_true": 0.05533596837944664
    },
    {
      "true_class": "left",
      "predicted_as": "unknown",
      "count": 13,
      "rate_within_true": 0.04868913857677903
    },
    {
      "true_class": "up",
      "predicted_as": "unknown",
      "count": 11,
      "rate_within_true": 0.04044117647058824
    },
    {
      "true_class": "yes",
      "predicted_as": "unknown",
      "count": 9,
      "rate_within_true": 0.03515625
    },
    {
      "true_class": "stop",
      "predicted_as": "unknown",
      "count": 7,
      "rate_within_true": 0.028112449799196786
    },
    {
      "true_class": "unknown",
      "predicted_as": "go",
      "count": 7,
      "rate_within_true": 0.0016401124648547328
    },
    {
      "true_class": "go",
      "predicted_as": "down",
      "count": 6,
      "rate_within_true": 0.02390438247011952
    },
    {
      "true_class": "on",
      "predicted_as": "off",
      "count": 5,