{
  "run_id": "ast_full_balancing_loss_seed42",
  "model_name": "MIT/ast-finetuned-audioset-10-10-0.4593",
  "seed": 42,
  "optimizer": "AdamW",
  "learning_rate": 5e-05,
  "dropout": 0.1,
  "batch_size": 16,
  "device": "cuda",
  "device_name": "NVIDIA GeForce RTX 5090",
  "best_epoch": 6,
  "val_accuracy_best_epoch": 0.9465096481271282,
  "test_accuracy": 0.9514264813460132,
  "test_f1_macro": 0.8479951141854922,
  "training_time_seconds": 11813.426936149597,
  "inference_latency_ms": 6.105562237765158,
  "total_params": 86198028,
  "trainable_params": 86198028
}