{
  "run_id": "ast_full_balancing_loss_undersample_seed2026",
  "model_name": "MIT/ast-finetuned-audioset-10-10-0.4593",
  "seed": 2026,
  "optimizer": "AdamW",
  "learning_rate": 5e-05,
  "dropout": 0.1,
  "batch_size": 16,
  "device": "cuda",
  "device_name": "NVIDIA GeForce RTX 5090",
  "best_epoch": 19,
  "val_accuracy_best_epoch": 0.9562996594778661,
  "test_accuracy": 0.9626920263350403,
  "test_f1_macro": 0.8622245996643606,
  "training_time_seconds": 16045.412731409073,
  "inference_latency_ms": 6.102358970188842,
  "total_params": 86198028,
  "trainable_params": 86198028
}