{
  "class_names": [
    "yes",
    "no",
    "up",
    "down",
    "left",
    "right",
    "on",
    "off",
    "stop",
    "go",
    "unknown",
    "silence"
  ],
  "confusion_matrix": [
    [
      245,
      0,
      0,
      0,
      0,
      0,
      0,
      0,
      0,
      0,
      11,
      0
    ],
    [
      2,
      223,
      2,
      6,
      0,
      0,
      0,
      0,
      0,
      2,
      17,
      0
    ],
    [
      0,
      0,
      265,
      0,
      0,
      0,
      0,
      0,
      0,
      0,
      7,
      0
    ],
    [
      0,
      3,
      0,
      232,
      0,
      0,
      1,
      0,
      0,
      2,
      15,
      0
    ],
    [
      3,
      0,
      1,
      0,
      248,
      0,
      0,
      0,
      0,
      0,
      15,
      0
    ],
    [
      0,
      0,
      0,
      0,
      0,
      216,
      0,
      0,
      0,
      0,
      43,
      0
    ],
    [
      0,
      0,
      0,
      0,
      0,
      0,
      228,
      0,
      0,
      0,
      18,
      0
    ],
    [
      0,
      0,
      2,
      0,
      0,
      0,
      0,
      250,
      0,
      0,
      10,
      0
    ],
    [
      0,
      0,
      6,
      1,
      0,
      0,
      0,
      0,
      233,
      0,
      9,
      0
    ],
    [
      0,
      3,
      6,
      1,
      0,
      0,
      1,
      0,
      0,
      217,
      23,
      0
    ],
    [
      0,
      0,
      3,
      1,
      0,
      0,
      4,
      0,
      0,
      1,
      4259,
      0
    ],
    [
      0,
      0,
      0,
      0,
      0,
      0,
      0,
      0,
      0,
      0,
      0,
      0
    ]
  ],
  "confusion_matrix_normalized": [
    [
      0.95703125,
      0.0,
      0.0,
      0.0,
      0.0,
      0.0,
      0.0,
      0.0,
      0.0,
      0.0,
      0.04296875,
      0.0
    ],
    [
      0.007936507936507936,
      0.8849206349206349,
      0.007936507936507936,
      0.023809523809523808,
      0.0,
      0.0,
      0.0,
      0.0,
      0.0,
      0.007936507936507936,
      0.06746031746031746,
      0.0
    ],
    [
      0.0,
      0.0,
      0.9742647058823529,
      0.0,
      0.0,
      0.0,
      0.0,
      0.0,
      0.0,
      0.0,
      0.025735294117647058,
      0.0
    ],
    [
      0.0,
      0.011857707509881422,
      0.0,
      0.9169960474308301,
      0.0,
      0.0,
      0.003952569169960474,
      0.0,
      0.0,
      0.007905138339920948,
      0.05928853754940711,
      0.0
    ],
    [
      0.011235955056179775,
      0.0,
      0.003745318352059925,
      0.0,
      0.9288389513108615,
      0.0,
      0.0,
      0.0,
      0.0,
      0.0,
      0.056179775280898875,
      0.0
    ],
    [
      0.0,
      0.0,
      0.0,
      0.0,
      0.0,
      0.833976833976834,
      0.0,
      0.0,
      0.0,
      0.0,
      0.16602316602316602,
      0.0
    ],
    [
      0.0,
      0.0,
      0.0,
      0.0,
      0.0,
      0.0,
      0.926829268292683,
      0.0,
      0.0,
      0.0,
      0.07317073170731707,
      0.0
    ],
    [
      0.0,
      0.0,
      0.007633587786259542,
      0.0,
      0.0,
      0.0,
      0.0,
      0.9541984732824428,
      0.0,
      0.0,
      0.03816793893129771,
      0.0
    ],
    [
      0.0,
      0.0,
      0.024096385542168676,
      0.004016064257028112,
      0.0,
      0.0,
      0.0,
      0.0,
      0.9357429718875502,
      0.0,
      0.03614457831325301,
      0.0
    ],
    [
      0.0,
      0.01195219123505976,
      0.02390438247011952,
      0.00398406374501992,
      0.0,
      0.0,
      0.00398406374501992,
      0.0,
      0.0,
      0.8645418326693227,
      0.09163346613545817,
      0.0
    ],
    [
      0.0,
      0.0,
      0.0007029053420805998,
      0.00023430178069353328,
      0.0,
      0.0,
      0.0009372071227741331,
      0.0,
      0.0,
      0.00023430178069353328,
      0.9978912839737581,
      0.0
    ],
    [
      0.0,
      0.0,
      0.0,
      0.0,
      0.0,
      0.0,
      0.0,
      0.0,
      0.0,
      0.0,
      0.0,
      0.0
    ]
  ],
  "per_class_metrics": [
    {
      "class_index": 0,
      "class_name": "yes",
      "precision": 0.98,
      "recall": 0.95703125,
      "f1": 0.9683794466403162,
      "support": 256
    },
    {
      "class_index": 1,
      "class_name": "no",
      "precision": 0.9737991266375546,
      "recall": 0.8849206349206349,
      "f1": 0.9272349272349273,
      "support": 252
    },
    {
      "class_index": 2,
      "class_name": "up",
      "precision": 0.9298245614035088,
      "recall": 0.9742647058823529,
      "f1": 0.9515260323159784,
      "support": 272
    },
    {
      "class_index": 3,
      "class_name": "down",
      "precision": 0.9626556016597511,
      "recall": 0.9169960474308301,
      "f1": 0.9392712550607287,
      "support": 253
    },
    {
      "class_index": 4,
      "class_name": "left",
      "precision": 1.0,
      "recall": 0.9288389513108615,
      "f1": 0.9631067961165048,
      "support": 267
    },
    {
      "class_index": 5,
      "class_name": "right",
      "precision": 1.0,
      "recall": 0.833976833976834,
      "f1": 0.9094736842105263,
      "support": 259
    },
    {
      "class_index": 6,
      "class_name": "on",
      "precision": 0.9743589743589743,
      "recall": 0.926829268292683,
      "f1": 0.95,
      "support": 246
    },
    {
      "class_index": 7,
      "class_name": "off",
      "precision": 1.0,
      "recall": 0.9541984732824428,
      "f1": 0.9765625,
      "support": 262
    },
    {
      "class_index": 8,
      "class_name": "stop",
      "precision": 1.0,
      "recall": 0.9357429718875502,
      "f1": 0.966804979253112,
      "support": 249
    },
    {
      "class_index": 9,
      "class_name": "go",
      "precision": 0.9774774774774775,
      "recall": 0.8645418326693227,
      "f1": 0.9175475687103594,
      "support": 251
    },
    {
      "class_index": 10,
      "class_name": "unknown",
      "precision": 0.9620510503727129,
      "recall": 0.9978912839737581,
      "f1": 0.9796434732604945,
      "support": 4268
    },
    {
      "class_index": 11,
      "class_name": "silence",
      "precision": 0.0,
      "recall": 0.0,
      "f1": 0.0,
      "support": 0
    }
  ],
  "top_confusions": [
    {
      "true_class": "right",
      "predicted_as": "unknown",
      "count": 43,
      "rate_within_true": 0.16602316602316602
    },
    {
      "true_class": "go",
      "predicted_as": "unknown",
      "count": 23,
      "rate_within_true": 0.09163346613545817
    },
    {
      "true_class": "on",
      "predicted_as": "unknown",
      "count": 18,
      "rate_within_true": 0.07317073170731707
    },
    {
      "true_class": "no",
      "predicted_as": "unknown",
      "count": 17,
      "rate_within_true": 0.06746031746031746
    },
    {
      "true_class": "down",
      "predicted_as": "unknown",
      "count": 15,
      "rate_within_true": 0.05928853754940711
    },
    {
      "true_class": "left",
      "predicted_as": "unknown",
      "count": 15,
      "rate_within_true": 0.056179775280898875
    },
    {
      "true_class": "yes",
      "predicted_as": "unknown",
      "count": 11,
      "rate_within_true": 0.04296875
    },
    {
      "true_class": "off",
      "predicted_as": "unknown",
      "count": 10,
      "rate_within_true": 0.03816793893129771
    },
    {
      "true_class": "stop",
      "predicted_as": "unknown",
      "count": 9,
      "rate_within_true": 0.03614457831325301
    },
    {
      "true_class": "up",
      "predicted_as": "unknown",
      "count": 7,
      "rate_within_true": 0.025735294117647058
    },
    {
      "true_class": "no",
      "predicted_as": "down",
      "count": 6,
      "rate_within_true": 0.023809523809523808
    },
    {
      "true_class": "stop",
      "predicted_as": "up",
      "count": 6,
      "rate_within_true": 0.024096385542168676
    },
    {
      "true_class": "go",
      "predicted_as": "up",