{
  "model": "mobilenetv2",
  "seed": 2137,
  "threshold": 0.5,
  "epochs_configured": 8,
  "best_epoch": 5,
  "best_val_acc": 0.9703461975028377,
  "val_binary_metrics": {
    "precision": 0.9778465936160077,
    "recall": 0.9725183605780621,
    "f1": 0.9751751989547452,
    "acc": 0.9703461975028377,
    "threshold": 0.5
  },
  "model_parameters": {
    "total": 2225858,
    "trainable": 2225858
  },
  "checkpoint": "outputs\\resnet18\\resnet18_full_unknown_detector_seed2137\\unknown_detector_seed2137.pt"
}