{
  "class_names": [
    "yes",
    "no",
    "up",
    "down",
    "left",
    "right",
    "on",
    "off",
    "stop",
    "go",
    "unknown",
    "silence"
  ],
  "confusion_matrix": [
    [
      247,
      0,
      0,
      0,
      0,
      0,
      0,
      0,
      0,
      0,
      9,
      0
    ],
    [
      0,
      231,
      1,
      3,
      0,
      0,
      0,
      0,
      0,
      3,
      14,
      0
    ],
    [
      0,
      0,
      260,
      0,
      0,
      0,
      0,
      0,
      4,
      0,
      8,
      0
    ],
    [
      0,
      2,
      0,
      233,
      0,
      0,
      0,
      0,
      2,
      2,
      14,
      0
    ],
    [
      2,
      0,
      0,
      0,
      257,
      0,
      0,
      0,
      0,
      0,
      8,
      0
    ],
    [
      0,
      0,
      0,
      0,
      0,
      236,
      0,
      0,
      0,
      0,
      23,
      0
    ],
    [
      0,
      0,
      0,
      0,
      0,
      0,
      229,
      7,
      0,
      0,
      10,
      0
    ],
    [
      0,
      0,
      2,
      0,
      0,
      0,
      1,
      252,
      1,
      1,
      5,
      0
    ],
    [
      0,
      0,
      0,
      0,
      0,
      0,
      0,
      0,
      245,
      0,
      4,
      0
    ],
    [
      0,
      0,
      1,
      0,
      0,
      0,
      0,
      0,
      0,
      235,
      15,
      0
    ],
    [
      2,
      1,
      2,
      3,
      5,
      3,
      6,
      2,
      3,
      3,
      4238,
      0
    ],
    [
      0,
      0,
      0,
      0,
      0,
      0,
      0,
      0,
      0,
      0,
      0,
      0
    ]
  ],
  "confusion_matrix_normalized": [
    [
      0.96484375,
      0.0,
      0.0,
      0.0,
      0.0,
      0.0,
      0.0,
      0.0,
      0.0,
      0.0,
      0.03515625,
      0.0
    ],
    [
      0.0,
      0.9166666666666666,
      0.003968253968253968,
      0.011904761904761904,
      0.0,
      0.0,
      0.0,
      0.0,
      0.0,
      0.011904761904761904,
      0.05555555555555555,
      0.0
    ],
    [
      0.0,
      0.0,
      0.9558823529411765,
      0.0,
      0.0,
      0.0,
      0.0,
      0.0,
      0.014705882352941176,
      0.0,
      0.029411764705882353,
      0.0
    ],
    [
      0.0,
      0.007905138339920948,
      0.0,
      0.9209486166007905,
      0.0,
      0.0,
      0.0,
      0.0,
      0.007905138339920948,
      0.007905138339920948,
      0.05533596837944664,
      0.0
    ],
    [
      0.00749063670411985,
      0.0,
      0.0,
      0.0,
      0.9625468164794008,
      0.0,
      0.0,
      0.0,
      0.0,
      0.0,
      0.0299625468164794,
      0.0
    ],
    [
      0.0,
      0.0,
      0.0,
      0.0,
      0.0,
      0.9111969111969112,
      0.0,
      0.0,
      0.0,
      0.0,
      0.0888030888030888,
      0.0
    ],
    [
      0.0,
      0.0,
      0.0,
      0.0,
      0.0,
      0.0,
      0.9308943089430894,
      0.028455284552845527,
      0.0,
      0.0,
      0.04065040650406504,
      0.0
    ],
    [
      0.0,
      0.0,
      0.007633587786259542,
      0.0,
      0.0,
      0.0,
      0.003816793893129771,
      0.9618320610687023,
      0.003816793893129771,
      0.003816793893129771,
      0.019083969465648856,
      0.0
    ],
    [
      0.0,
      0.0,
      0.0,
      0.0,
      0.0,
      0.0,
      0.0,
      0.0,
      0.9839357429718876,
      0.0,
      0.01606425702811245,
      0.0
    ],
    [
      0.0,
      0.0,
      0.00398406374501992,
      0.0,
      0.0,
      0.0,
      0.0,
      0.0,
      0.0,
      0.9362549800796812,
      0.05976095617529881,
      0.0
    ],
    [
      0.00046860356138706655,
      0.00023430178069353328,
      0.00046860356138706655,
      0.0007029053420805998,
      0.0011715089034676663,
      0.0007029053420805998,
      0.0014058106841611997,
      0.00046860356138706655,
      0.0007029053420805998,
      0.0007029053420805998,
      0.992970946579194,
      0.0
    ],
    [
      0.0,
      0.0,
      0.0,
      0.0,
      0.0,
      0.0,
      0.0,
      0.0,
      0.0,
      0.0,
      0.0,
      0.0
    ]
  ],
  "per_class_metrics": [
    {
      "class_index": 0,
      "class_name": "yes",
      "precision": 0.9840637450199203,
      "recall": 0.96484375,
      "f1": 0.9743589743589743,
      "support": 256
    },
    {
      "class_index": 1,
      "class_name": "no",
      "precision": 0.9871794871794872,
      "recall": 0.9166666666666666,
      "f1": 0.9506172839506173,
      "support": 252
    },
    {
      "class_index": 2,
      "class_name": "up",
      "precision": 0.9774436090225563,
      "recall": 0.9558823529411765,
      "f1": 0.966542750929368,
      "support": 272
    },
    {
      "class_index": 3,
      "class_name": "down",
      "precision": 0.9748953974895398,
      "recall": 0.9209486166007905,
      "f1": 0.9471544715447154,
      "support": 253
    },
    {
      "class_index": 4,
      "class_name": "left",
      "precision": 0.9809160305343512,
      "recall": 0.9625468164794008,
      "f1": 0.9716446124763705,
      "support": 267
    },
    {
      "class_index": 5,
      "class_name": "right",
      "precision": 0.9874476987447699,
      "recall": 0.9111969111969112,
      "f1": 0.9477911646586346,
      "support": 259
    },
    {
      "class_index": 6,
      "class_name": "on",
      "precision": 0.9703389830508474,
      "recall": 0.9308943089430894,
      "f1": 0.950207468879668,
      "support": 246
    },
    {
      "class_index": 7,
      "class_name": "off",
      "precision": 0.9655172413793104,
      "recall": 0.9618320610687023,
      "f1": 0.9636711281070746,
      "support": 262
    },
    {
      "class_index": 8,
      "class_name": "stop",
      "precision": 0.9607843137254902,
      "recall": 0.9839357429718876,
      "f1": 0.9722222222222222,
      "support": 249
    },
    {
      "class_index": 9,
      "class_name": "go",
      "precision": 0.9631147540983607,
      "recall": 0.9362549800796812,
      "f1": 0.9494949494949495,
      "support": 251
    },
    {
      "class_index": 10,
      "class_name": "unknown",
      "precision": 0.9747010119595216,
      "recall": 0.992970946579194,
      "f1": 0.9837511606313835,
      "support": 4268
    },
    {
      "class_index": 11,
      "class_name": "silence",
      "precision": 0.0,
      "recall": 0.0,
      "f1": 0.0,
      "support": 0
    }
  ],
  "top_confusions": [
    {
      "true_class": "right",
      "predicted_as": "unknown",
      "count": 23,
      "rate_within_true": 0.0888030888030888
    },
    {
      "true_class": "go",
      "predicted_as": "unknown",
      "count": 15,
      "rate_within_true": 0.05976095617529881
    },
    {
      "true_class": "no",
      "predicted_as": "unknown",
      "count": 14,
      "rate_within_true": 0.05555555555555555
    },
    {
      "true_class": "down",
      "predicted_as": "unknown",
      "count": 14,
      "rate_within_true": 0.05533596837944664
    },
    {
      "true_class": "on",
      "predicted_as": "unknown",
      "count": 10,
      "rate_within_true": 0.04065040650406504
    },
    {
      "true_class": "yes",
      "predicted_as": "unknown",
      "count": 9,
      "rate_within_true": 0.03515625
    },
    {
      "true_class": "up",
      "predicted_as": "unknown",
      "count": 8,
      "rate_within_true": 0.029411764705882353
    },
    {
      "true_class": "left",
      "predicted_as": "unknown",
      "count": 8,
      "rate_within_true": 0.0299625468164794
    },
    {
      "true_class": "on",
      "predicted_as": "off",
      "count": 7,
      "rate_within_true": 0.028455284552845527
    },
    {
      "true_class": "unknown",
      "predicted_as": "on",
      "count": 6,
      "rate_within_true": 0.0014058106841611997
    },
    {
      "true_class": "off",
      "predicted_as": "unknown",
      "count": 5,