{
  "class_names": [
    "yes",
    "no",
    "up",
    "down",
    "left",
    "right",
    "on",
    "off",
    "stop",
    "go",
    "unknown",
    "silence"
  ],
  "confusion_matrix": [
    [
      246,
      0,
      0,
      0,
      1,
      0,
      0,
      0,
      0,
      0,
      9,
      0
    ],
    [
      1,
      206,
      0,
      10,
      0,
      0,
      0,
      0,
      0,
      21,
      14,
      0
    ],
    [
      0,
      0,
      258,
      0,
      3,
      0,
      0,
      2,
      1,
      0,
      8,
      0
    ],
    [
      0,
      0,
      0,
      241,
      1,
      0,
      0,
      0,
      0,
      3,
      8,
      0
    ],
    [
      0,
      0,
      0,
      0,
      256,
      0,
      0,
      0,
      1,
      0,
      10,
      0
    ],
    [
      0,
      0,
      0,
      0,
      1,
      222,
      0,
      0,
      0,
      0,
      36,
      0
    ],
    [
      0,
      0,
      0,
      0,
      0,
      0,
      232,
      1,
      0,
      0,
      13,
      0
    ],
    [
      0,
      0,
      0,
      0,
      2,
      0,
      3,
      252,
      0,
      0,
      5,
      0
    ],
    [
      0,
      0,
      0,
      1,
      0,
      0,
      0,
      0,
      244,
      0,
      4,
      0
    ],
    [
      1,
      0,
      0,
      3,
      0,
      0,
      0,
      0,
      0,
      233,
      14,
      0
    ],
    [
      1,
      2,
      1,
      5,
      6,
      0,
      2,
      2,
      2,
      9,
      4238,
      0
    ],
    [
      0,
      0,
      0,
      0,
      0,
      0,
      0,
      0,
      0,
      0,
      0,
      0
    ]
  ],
  "confusion_matrix_normalized": [
    [
      0.9609375,
      0.0,
      0.0,
      0.0,
      0.00390625,
      0.0,
      0.0,
      0.0,
      0.0,
      0.0,
      0.03515625,
      0.0
    ],
    [
      0.003968253968253968,
      0.8174603174603174,
      0.0,
      0.03968253968253968,
      0.0,
      0.0,
      0.0,
      0.0,
      0.0,
      0.08333333333333333,
      0.05555555555555555,
      0.0
    ],
    [
      0.0,
      0.0,
      0.9485294117647058,
      0.0,
      0.011029411764705883,
      0.0,
      0.0,
      0.007352941176470588,
      0.003676470588235294,
      0.0,
      0.029411764705882353,
      0.0
    ],
    [
      0.0,
      0.0,
      0.0,
      0.9525691699604744,
      0.003952569169960474,
      0.0,
      0.0,
      0.0,
      0.0,
      0.011857707509881422,
      0.03162055335968379,
      0.0
    ],
    [
      0.0,
      0.0,
      0.0,
      0.0,
      0.9588014981273408,
      0.0,
      0.0,
      0.0,
      0.003745318352059925,
      0.0,
      0.03745318352059925,
      0.0
    ],
    [
      0.0,
      0.0,
      0.0,
      0.0,
      0.003861003861003861,
      0.8571428571428571,
      0.0,
      0.0,
      0.0,
      0.0,
      0.138996138996139,
      0.0
    ],
    [
      0.0,
      0.0,
      0.0,
      0.0,
      0.0,
      0.0,
      0.943089430894309,
      0.0040650406504065045,
      0.0,
      0.0,
      0.052845528455284556,
      0.0
    ],
    [
      0.0,
      0.0,
      0.0,
      0.0,
      0.007633587786259542,
      0.0,
      0.011450381679389313,
      0.9618320610687023,
      0.0,
      0.0,
      0.019083969465648856,
      0.0
    ],
    [
      0.0,
      0.0,
      0.0,
      0.004016064257028112,
      0.0,
      0.0,
      0.0,
      0.0,
      0.9799196787148594,
      0.0,
      0.01606425702811245,
      0.0
    ],
    [
      0.00398406374501992,
      0.0,
      0.0,
      0.01195219123505976,
      0.0,
      0.0,
      0.0,
      0.0,
      0.0,
      0.9282868525896414,
      0.055776892430278883,
      0.0
    ],
    [
      0.00023430178069353328,
      0.00046860356138706655,
      0.00023430178069353328,
      0.0011715089034676663,
      0.0014058106841611997,
      0.0,
      0.00046860356138706655,
      0.00046860356138706655,
      0.00046860356138706655,
      0.0021087160262417996,
      0.992970946579194,
      0.0
    ],
    [
      0.0,
      0.0,
      0.0,
      0.0,
      0.0,
      0.0,
      0.0,
      0.0,
      0.0,
      0.0,
      0.0,
      0.0
    ]
  ],
  "per_class_metrics": [
    {
      "class_index": 0,
      "class_name": "yes",
      "precision": 0.9879518072289156,
      "recall": 0.9609375,
      "f1": 0.9742574257425742,
      "support": 256
    },
    {
      "class_index": 1,
      "class_name": "no",
      "precision": 0.9903846153846154,
      "recall": 0.8174603174603174,
      "f1": 0.8956521739130435,
      "support": 252
    },
    {
      "class_index": 2,
      "class_name": "up",
      "precision": 0.9961389961389961,
      "recall": 0.9485294117647058,
      "f1": 0.9717514124293786,
      "support": 272
    },
    {
      "class_index": 3,
      "class_name": "down",
      "precision": 0.926923076923077,
      "recall": 0.9525691699604744,
      "f1": 0.9395711500974658,
      "support": 253
    },
    {
      "class_index": 4,
      "class_name": "left",
      "precision": 0.9481481481481482,
      "recall": 0.9588014981273408,
      "f1": 0.9534450651769087,
      "support": 267
    },
    {
      "class_index": 5,
      "class_name": "right",
      "precision": 1.0,
      "recall": 0.8571428571428571,
      "f1": 0.9230769230769231,
      "support": 259
    },
    {
      "class_index": 6,
      "class_name": "on",
      "precision": 0.9789029535864979,
      "recall": 0.943089430894309,
      "f1": 0.9606625258799172,
      "support": 246
    },
    {
      "class_index": 7,
      "class_name": "off",
      "precision": 0.980544747081712,
      "recall": 0.9618320610687023,
      "f1": 0.9710982658959537,
      "support": 262
    },
    {
      "class_index": 8,
      "class_name": "stop",
      "precision": 0.9838709677419355,
      "recall": 0.9799196787148594,
      "f1": 0.9818913480885312,
      "support": 249
    },
    {
      "class_index": 9,
      "class_name": "go",
      "precision": 0.8759398496240601,
      "recall": 0.9282868525896414,
      "f1": 0.9013539651837524,
      "support": 251
    },
    {
      "class_index": 10,
      "class_name": "unknown",
      "precision": 0.9722413397568249,
      "recall": 0.992970946579194,
      "f1": 0.9824968123333719,
      "support": 4268
    },
    {
      "class_index": 11,
      "class_name": "silence",
      "precision": 0.0,
      "recall": 0.0,
      "f1": 0.0,
      "support": 0
    }
  ],
  "top_confusions": [
    {
      "true_class": "right",
      "predicted_as": "unknown",
      "count": 36,
      "rate_within_true": 0.138996138996139
    },
    {
      "true_class": "no",
      "predicted_as": "go",
      "count": 21,
      "rate_within_true": 0.08333333333333333
    },
    {
      "true_class": "no",
      "predicted_as": "unknown",
      "count": 14,
      "rate_within_true": 0.05555555555555555
    },
    {
      "true_class": "go",
      "predicted_as": "unknown",
      "count": 14,
      "rate_within_true": 0.055776892430278883
    },
    {
      "true_class": "on",
      "predicted_as": "unknown",
      "count": 13,
      "rate_within_true": 0.052845528455284556
    },
    {
      "true_class": "no",
      "predicted_as": "down",
      "count": 10,
      "rate_within_true": 0.03968253968253968
    },
    {
      "true_class": "left",
      "predicted_as": "unknown",
      "count": 10,
      "rate_within_true": 0.03745318352059925
    },
    {
      "true_class": "yes",
      "predicted_as": "unknown",
      "count": 9,
      "rate_within_true": 0.03515625
    },
    {
      "true_class": "unknown",
      "predicted_as": "go",
      "count": 9,
      "rate_within_true": 0.0021087160262417996
    },
    {
      "true_class": "up",
      "predicted_as": "unknown",
      "count": 8,
      "rate_within_true": 0.029411764705882353
    },
    {
      "true_class": "down",
      "predicted_as": "unknown",
      "count": 8,