{
  "class_names": [
    "yes",
    "no",
    "up",
    "down",
    "left",
    "right",
    "on",
    "off",
    "stop",
    "go",
    "unknown",
    "silence"
  ],
  "confusion_matrix": [
    [
      247,
      0,
      0,
      0,
      1,
      0,
      0,
      0,
      0,
      0,
      8,
      0
    ],
    [
      0,
      238,
      2,
      0,
      0,
      0,
      0,
      0,
      0,
      3,
      9,
      0
    ],
    [
      0,
      0,
      262,
      0,
      0,
      0,
      2,
      1,
      1,
      0,
      6,
      0
    ],
    [
      0,
      10,
      0,
      231,
      1,
      0,
      0,
      0,
      0,
      2,
      9,
      0
    ],
    [
      2,
      0,
      0,
      1,
      259,
      0,
      0,
      0,
      0,
      0,
      5,
      0
    ],
    [
      0,
      0,
      0,
      0,
      0,
      230,
      0,
      0,
      0,
      0,
      29,
      0
    ],
    [
      0,
      0,
      0,
      0,
      0,
      0,
      234,
      1,
      0,
      0,
      11,
      0
    ],
    [
      0,
      0,
      1,
      0,
      0,
      0,
      2,
      249,
      0,
      0,
      10,
      0
    ],
    [
      0,
      0,
      1,
      0,
      0,
      0,
      0,
      0,
      245,
      0,
      3,
      0
    ],
    [
      0,
      7,
      0,
      1,
      0,
      0,
      1,
      1,
      0,
      228,
      13,
      0
    ],
    [
      0,
      1,
      6,
      5,
      1,
      6,
      16,
      4,
      1,
      2,
      4226,
      0
    ],
    [
      0,
      0,
      0,
      0,
      0,
      0,
      0,
      0,
      0,
      0,
      0,
      0
    ]
  ],
  "confusion_matrix_normalized": [
    [
      0.96484375,
      0.0,
      0.0,
      0.0,
      0.00390625,
      0.0,
      0.0,
      0.0,
      0.0,
      0.0,
      0.03125,
      0.0
    ],
    [
      0.0,
      0.9444444444444444,
      0.007936507936507936,
      0.0,
      0.0,
      0.0,
      0.0,
      0.0,
      0.0,
      0.011904761904761904,
      0.03571428571428571,
      0.0
    ],
    [
      0.0,
      0.0,
      0.9632352941176471,
      0.0,
      0.0,
      0.0,
      0.007352941176470588,
      0.003676470588235294,
      0.003676470588235294,
      0.0,
      0.022058823529411766,
      0.0
    ],
    [
      0.0,
      0.039525691699604744,
      0.0,
      0.9130434782608695,
      0.003952569169960474,
      0.0,
      0.0,
      0.0,
      0.0,
      0.007905138339920948,
      0.03557312252964427,
      0.0
    ],
    [
      0.00749063670411985,
      0.0,
      0.0,
      0.003745318352059925,
      0.9700374531835206,
      0.0,
      0.0,
      0.0,
      0.0,
      0.0,
      0.018726591760299626,
      0.0
    ],
    [
      0.0,
      0.0,
      0.0,
      0.0,
      0.0,
      0.888030888030888,
      0.0,
      0.0,
      0.0,
      0.0,
      0.11196911196911197,
      0.0
    ],
    [
      0.0,
      0.0,
      0.0,
      0.0,
      0.0,
      0.0,
      0.9512195121951219,
      0.0040650406504065045,
      0.0,
      0.0,
      0.044715447154471545,
      0.0
    ],
    [
      0.0,
      0.0,
      0.003816793893129771,
      0.0,
      0.0,
      0.0,
      0.007633587786259542,
      0.950381679389313,
      0.0,
      0.0,
      0.03816793893129771,
      0.0
    ],
    [
      0.0,
      0.0,
      0.004016064257028112,
      0.0,
      0.0,
      0.0,
      0.0,
      0.0,
      0.9839357429718876,
      0.0,
      0.012048192771084338,
      0.0
    ],
    [
      0.0,
      0.027888446215139442,
      0.0,
      0.00398406374501992,
      0.0,
      0.0,
      0.00398406374501992,
      0.00398406374501992,
      0.0,
      0.9083665338645418,
      0.05179282868525897,
      0.0
    ],
    [
      0.0,
      0.00023430178069353328,
      0.0014058106841611997,
      0.0011715089034676663,
      0.00023430178069353328,
      0.0014058106841611997,
      0.0037488284910965324,
      0.0009372071227741331,
      0.00023430178069353328,
      0.00046860356138706655,
      0.9901593252108716,
      0.0
    ],
    [
      0.0,
      0.0,
      0.0,
      0.0,
      0.0,
      0.0,
      0.0,
      0.0,
      0.0,
      0.0,
      0.0,
      0.0
    ]
  ],
  "per_class_metrics": [
    {
      "class_index": 0,
      "class_name": "yes",
      "precision": 0.9919678714859438,
      "recall": 0.96484375,
      "f1": 0.9782178217821782,
      "support": 256
    },
    {
      "class_index": 1,
      "class_name": "no",
      "precision": 0.9296875,
      "recall": 0.9444444444444444,
      "f1": 0.937007874015748,
      "support": 252
    },
    {
      "class_index": 2,
      "class_name": "up",
      "precision": 0.9632352941176471,
      "recall": 0.9632352941176471,
      "f1": 0.9632352941176471,
      "support": 272
    },
    {
      "class_index": 3,
      "class_name": "down",
      "precision": 0.9705882352941176,
      "recall": 0.9130434782608695,
      "f1": 0.9409368635437881,
      "support": 253
    },
    {
      "class_index": 4,
      "class_name": "left",
      "precision": 0.9885496183206107,
      "recall": 0.9700374531835206,
      "f1": 0.9792060491493384,
      "support": 267
    },
    {
      "class_index": 5,
      "class_name": "right",
      "precision": 0.9745762711864406,
      "recall": 0.888030888030888,
      "f1": 0.9292929292929293,
      "support": 259
    },
    {
      "class_index": 6,
      "class_name": "on",
      "precision": 0.9176470588235294,
      "recall": 0.9512195121951219,
      "f1": 0.9341317365269461,
      "support": 246
    },
    {
      "class_index": 7,
      "class_name": "off",
      "precision": 0.97265625,
      "recall": 0.950381679389313,
      "f1": 0.9613899613899614,
      "support": 262
    },
    {
      "class_index": 8,
      "class_name": "stop",
      "precision": 0.9919028340080972,
      "recall": 0.9839357429718876,
      "f1": 0.9879032258064516,
      "support": 249
    },
    {
      "class_index": 9,
      "class_name": "go",
      "precision": 0.9702127659574468,
      "recall": 0.9083665338645418,
      "f1": 0.9382716049382716,
      "support": 251
    },
    {
      "class_index": 10,
      "class_name": "unknown",
      "precision": 0.9762069762069762,
      "recall": 0.9901593252108716,
      "f1": 0.9831336512737001,
      "support": 4268
    },
    {
      "class_index": 11,
      "class_name": "silence",
      "precision": 0.0,
      "recall": 0.0,
      "f1": 0.0,
      "support": 0
    }
  ],
  "top_confusions": [
    {
      "true_class": "right",
      "predicted_as": "unknown",
      "count": 29,
      "rate_within_true": 0.11196911196911197
    },
    {
      "true_class": "unknown",
      "predicted_as": "on",
      "count": 16,
      "rate_within_true": 0.0037488284910965324
    },
    {
      "true_class": "go",
      "predicted_as": "unknown",
      "count": 13,
      "rate_within_true": 0.05179282868525897
    },
    {
      "true_class": "on",
      "predicted_as": "unknown",
      "count": 11,
      "rate_within_true": 0.044715447154471545
    },
    {
      "true_class": "down",
      "predicted_as": "no",
      "count": 10,
      "rate_within_true": 0.039525691699604744
    },
    {
      "true_class": "off",
      "predicted_as": "unknown",
      "count": 10,
      "rate_within_true": 0.03816793893129771
    },
    {
      "true_class": "no",
      "predicted_as": "unknown",
      "count": 9,
      "rate_within_true": 0.03571428571428571
    },
    {
      "true_class": "down",
      "predicted_as": "unknown",
      "count": 9,
      "rate_within_true": 0.03557312252964427
    },
    {
      "true_class": "yes",
      "predicted_as": "unknown",
      "count": 8,
      "rate_within_true": 0.03125
    },
    {
      "true_class": "go",
      "predicted_as": "no",
      "count": 7,
      "rate_within_true": 0.027888446215139442
    },
    {
      "true_class": "up",
      "predicted_as": "unknown",
      "count": 6,