{
  "class_names": [
    "yes",
    "no",
    "up",
    "down",
    "left",
    "right",
    "on",
    "off",
    "stop",
    "go",
    "unknown",
    "silence"
  ],
  "confusion_matrix": [
    [
      246,
      0,
      0,
      0,
      2,
      0,
      0,
      0,
      0,
      0,
      8,
      0
    ],
    [
      0,
      239,
      1,
      0,
      0,
      0,
      0,
      0,
      0,
      0,
      12,
      0
    ],
    [
      0,
      0,
      263,
      0,
      1,
      0,
      0,
      0,
      0,
      0,
      8,
      0
    ],
    [
      0,
      5,
      0,
      234,
      0,
      0,
      0,
      0,
      0,
      1,
      13,
      0
    ],
    [
      0,
      0,
      0,
      0,
      260,
      0,
      0,
      0,
      0,
      0,
      7,
      0
    ],
    [
      0,
      0,
      0,
      0,
      0,
      242,
      0,
      0,
      0,
      0,
      17,
      0
    ],
    [
      0,
      0,
      0,
      0,
      0,
      0,
      237,
      0,
      0,
      0,
      9,
      0
    ],
    [
      0,
      0,
      4,
      0,
      1,
      0,
      1,
      251,
      0,
      0,
      5,
      0
    ],
    [
      0,
      0,
      1,
      0,
      0,
      0,
      0,
      0,
      245,
      0,
      3,
      0
    ],
    [
      0,
      1,
      0,
      0,
      0,
      0,
      0,
      0,
      0,
      236,
      14,
      0
    ],
    [
      1,
      6,
      2,
      3,
      0,
      2,
      3,
      1,
      0,
      6,
      4244,
      0
    ],
    [
      0,
      0,
      0,
      0,
      0,
      0,
      0,
      0,
      0,
      0,
      0,
      0
    ]
  ],
  "confusion_matrix_normalized": [
    [
      0.9609375,
      0.0,
      0.0,
      0.0,
      0.0078125,
      0.0,
      0.0,
      0.0,
      0.0,
      0.0,
      0.03125,
      0.0
    ],
    [
      0.0,
      0.9484126984126984,
      0.003968253968253968,
      0.0,
      0.0,
      0.0,
      0.0,
      0.0,
      0.0,
      0.0,
      0.047619047619047616,
      0.0
    ],
    [
      0.0,
      0.0,
      0.9669117647058824,
      0.0,
      0.003676470588235294,
      0.0,
      0.0,
      0.0,
      0.0,
      0.0,
      0.029411764705882353,
      0.0
    ],
    [
      0.0,
      0.019762845849802372,
      0.0,
      0.924901185770751,
      0.0,
      0.0,
      0.0,
      0.0,
      0.0,
      0.003952569169960474,
      0.05138339920948617,
      0.0
    ],
    [
      0.0,
      0.0,
      0.0,
      0.0,
      0.9737827715355806,
      0.0,
      0.0,
      0.0,
      0.0,
      0.0,
      0.026217228464419477,
      0.0
    ],
    [
      0.0,
      0.0,
      0.0,
      0.0,
      0.0,
      0.9343629343629344,
      0.0,
      0.0,
      0.0,
      0.0,
      0.06563706563706563,
      0.0
    ],
    [
      0.0,
      0.0,
      0.0,
      0.0,
      0.0,
      0.0,
      0.9634146341463414,
      0.0,
      0.0,
      0.0,
      0.036585365853658534,
      0.0
    ],
    [
      0.0,
      0.0,
      0.015267175572519083,
      0.0,
      0.003816793893129771,
      0.0,
      0.003816793893129771,
      0.9580152671755725,
      0.0,
      0.0,
      0.019083969465648856,
      0.0
    ],
    [
      0.0,
      0.0,
      0.004016064257028112,
      0.0,
      0.0,
      0.0,
      0.0,
      0.0,
      0.9839357429718876,
      0.0,
      0.012048192771084338,
      0.0
    ],
    [
      0.0,
      0.00398406374501992,
      0.0,
      0.0,
      0.0,
      0.0,
      0.0,
      0.0,
      0.0,
      0.9402390438247012,
      0.055776892430278883,
      0.0
    ],
    [
      0.00023430178069353328,
      0.0014058106841611997,
      0.00046860356138706655,
      0.0007029053420805998,
      0.0,
      0.00046860356138706655,
      0.0007029053420805998,
      0.00023430178069353328,
      0.0,
      0.0014058106841611997,
      0.9943767572633552,
      0.0
    ],
    [
      0.0,
      0.0,
      0.0,
      0.0,
      0.0,
      0.0,
      0.0,
      0.0,
      0.0,
      0.0,
      0.0,
      0.0
    ]
  ],
  "per_class_metrics": [
    {
      "class_index": 0,
      "class_name": "yes",
      "precision": 0.9959514170040485,
      "recall": 0.9609375,
      "f1": 0.9781312127236581,
      "support": 256
    },
    {
      "class_index": 1,
      "class_name": "no",
      "precision": 0.952191235059761,
      "recall": 0.9484126984126984,
      "f1": 0.9502982107355865,
      "support": 252
    },
    {
      "class_index": 2,
      "class_name": "up",
      "precision": 0.9704797047970479,
      "recall": 0.9669117647058824,
      "f1": 0.9686924493554327,
      "support": 272
    },
    {
      "class_index": 3,
      "class_name": "down",
      "precision": 0.9873417721518988,
      "recall": 0.924901185770751,
      "f1": 0.9551020408163265,
      "support": 253
    },
    {
      "class_index": 4,
      "class_name": "left",
      "precision": 0.9848484848484849,
      "recall": 0.9737827715355806,
      "f1": 0.9792843691148776,
      "support": 267
    },
    {
      "class_index": 5,
      "class_name": "right",
      "precision": 0.9918032786885246,
      "recall": 0.9343629343629344,
      "f1": 0.9622266401590457,
      "support": 259
    },
    {
      "class_index": 6,
      "class_name": "on",
      "precision": 0.983402489626556,
      "recall": 0.9634146341463414,
      "f1": 0.973305954825462,
      "support": 246
    },
    {
      "class_index": 7,
      "class_name": "off",
      "precision": 0.996031746031746,
      "recall": 0.9580152671755725,
      "f1": 0.9766536964980544,
      "support": 262
    },
    {
      "class_index": 8,
      "class_name": "stop",
      "precision": 1.0,
      "recall": 0.9839357429718876,
      "f1": 0.9919028340080972,
      "support": 249
    },
    {
      "class_index": 9,
      "class_name": "go",
      "precision": 0.9711934156378601,
      "recall": 0.9402390438247012,
      "f1": 0.9554655870445344,
      "support": 251
    },
    {
      "class_index": 10,
      "class_name": "unknown",
      "precision": 0.9778801843317972,
      "recall": 0.9943767572633552,
      "f1": 0.9860594795539034,
      "support": 4268
    },
    {
      "class_index": 11,
      "class_name": "silence",
      "precision": 0.0,
      "recall": 0.0,
      "f1": 0.0,
      "support": 0
    }
  ],
  "top_confusions": [
    {
      "true_class": "right",
      "predicted_as": "unknown",
      "count": 17,
      "rate_within_true": 0.06563706563706563
    },
    {
      "true_class": "go",
      "predicted_as": "unknown",
      "count": 14,
      "rate_within_true": 0.055776892430278883
    },
    {
      "true_class": "down",
      "predicted_as": "unknown",
      "count": 13,
      "rate_within_true": 0.05138339920948617
    },
    {
      "true_class": "no",
      "predicted_as": "unknown",
      "count": 12,
      "rate_within_true": 0.047619047619047616
    },
    {
      "true_class": "on",
      "predicted_as": "unknown",
      "count": 9,
      "rate_within_true": 0.036585365853658534
    },
    {
      "true_class": "yes",
      "predicted_as": "unknown",
      "count": 8,
      "rate_within_true": 0.03125
    },
    {
      "true_class": "up",
      "predicted_as": "unknown",
      "count": 8,
      "rate_within_true": 0.029411764705882353
    },
    {
      "true_class": "left",
      "predicted_as": "unknown",
      "count": 7,
      "rate_within_true": 0.026217228464419477
    },
    {
      "true_class": "unknown",
      "predicted_as": "no",
      "count": 6,
      "rate_within_true": 0.0014058106841611997
    },
    {
      "true_class": "unknown",
      "predicted_as": "go",
      "count": 6,
      "rate_within_true": 0.0014058106841611997
    },
    {
      "true_class": "down",
      "predicted_as": "no",
      "count": 5,
      "rate_within_true": 0.019762845849802372
    },
    {
      "true_class": "off",
      "predicted_as": "unknown",
      "count": 5,