{
  "class_names": [
    "yes",
    "no",
    "up",
    "down",
    "left",
    "right",
    "on",
    "off",
    "stop",
    "go",
    "unknown",
    "silence"
  ],
  "confusion_matrix": [
    [
      245,
      0,
      0,
      0,
      1,
      0,
      0,
      0,
      0,
      0,
      10,
      0
    ],
    [
      1,
      235,
      0,
      2,
      0,
      0,
      0,
      0,
      1,
      5,
      8,
      0
    ],
    [
      0,
      0,
      257,
      0,
      0,
      0,
      0,
      1,
      1,
      1,
      12,
      0
    ],
    [
      0,
      9,
      0,
      232,
      0,
      0,
      0,
      0,
      0,
      3,
      9,
      0
    ],
    [
      2,
      0,
      0,
      0,
      260,
      0,
      0,
      0,
      0,
      0,
      5,
      0
    ],
    [
      0,
      0,
      0,
      0,
      0,
      243,
      0,
      0,
      0,
      0,
      16,
      0
    ],
    [
      0,
      0,
      0,
      0,
      0,
      0,
      237,
      0,
      0,
      0,
      9,
      0
    ],
    [
      0,
      0,
      2,
      0,
      1,
      0,
      4,
      247,
      0,
      0,
      8,
      0
    ],
    [
      0,
      0,
      1,
      1,
      0,
      0,
      0,
      0,
      239,
      1,
      7,
      0
    ],
    [
      0,
      1,
      0,
      2,
      0,
      0,
      0,
      0,
      1,
      236,
      11,
      0
    ],
    [
      3,
      2,
      3,
      5,
      7,
      8,
      13,
      0,
      1,
      15,
      4211,
      0
    ],
    [
      0,
      0,
      0,
      0,
      0,
      0,
      0,
      0,
      0,
      0,
      0,
      0
    ]
  ],
  "confusion_matrix_normalized": [
    [
      0.95703125,
      0.0,
      0.0,
      0.0,
      0.00390625,
      0.0,
      0.0,
      0.0,
      0.0,
      0.0,
      0.0390625,
      0.0
    ],
    [
      0.003968253968253968,
      0.9325396825396826,
      0.0,
      0.007936507936507936,
      0.0,
      0.0,
      0.0,
      0.0,
      0.003968253968253968,
      0.01984126984126984,
      0.031746031746031744,
      0.0
    ],
    [
      0.0,
      0.0,
      0.9448529411764706,
      0.0,
      0.0,
      0.0,
      0.0,
      0.003676470588235294,
      0.003676470588235294,
      0.003676470588235294,
      0.04411764705882353,
      0.0
    ],
    [
      0.0,
      0.03557312252964427,
      0.0,
      0.9169960474308301,
      0.0,
      0.0,
      0.0,
      0.0,
      0.0,
      0.011857707509881422,
      0.03557312252964427,
      0.0
    ],
    [
      0.00749063670411985,
      0.0,
      0.0,
      0.0,
      0.9737827715355806,
      0.0,
      0.0,
      0.0,
      0.0,
      0.0,
      0.018726591760299626,
      0.0
    ],
    [
      0.0,
      0.0,
      0.0,
      0.0,
      0.0,
      0.9382239382239382,
      0.0,
      0.0,
      0.0,
      0.0,
      0.06177606177606178,
      0.0
    ],
    [
      0.0,
      0.0,
      0.0,
      0.0,
      0.0,
      0.0,
      0.9634146341463414,
      0.0,
      0.0,
      0.0,
      0.036585365853658534,
      0.0
    ],
    [
      0.0,
      0.0,
      0.007633587786259542,
      0.0,
      0.003816793893129771,
      0.0,
      0.015267175572519083,
      0.9427480916030534,
      0.0,
      0.0,
      0.030534351145038167,
      0.0
    ],
    [
      0.0,
      0.0,
      0.004016064257028112,
      0.004016064257028112,
      0.0,
      0.0,
      0.0,
      0.0,
      0.9598393574297188,
      0.004016064257028112,
      0.028112449799196786,
      0.0
    ],
    [
      0.0,
      0.00398406374501992,
      0.0,
      0.00796812749003984,
      0.0,
      0.0,
      0.0,
      0.0,
      0.00398406374501992,
      0.9402390438247012,
      0.043824701195219126,
      0.0
    ],
    [
      0.0007029053420805998,
      0.00046860356138706655,
      0.0007029053420805998,
      0.0011715089034676663,
      0.0016401124648547328,
      0.0018744142455482662,
      0.0030459231490159327,
      0.0,
      0.00023430178069353328,
      0.003514526710402999,
      0.9866447985004686,
      0.0
    ],
    [
      0.0,
      0.0,
      0.0,
      0.0,
      0.0,
      0.0,
      0.0,
      0.0,
      0.0,
      0.0,
      0.0,
      0.0
    ]
  ],
  "per_class_metrics": [
    {
      "class_index": 0,
      "class_name": "yes",
      "precision": 0.9760956175298805,
      "recall": 0.95703125,
      "f1": 0.9664694280078896,
      "support": 256
    },
    {
      "class_index": 1,
      "class_name": "no",
      "precision": 0.951417004048583,
      "recall": 0.9325396825396826,
      "f1": 0.9418837675350702,
      "support": 252
    },
    {
      "class_index": 2,
      "class_name": "up",
      "precision": 0.9771863117870723,
      "recall": 0.9448529411764706,
      "f1": 0.9607476635514018,
      "support": 272
    },
    {
      "class_index": 3,
      "class_name": "down",
      "precision": 0.9586776859504132,
      "recall": 0.9169960474308301,
      "f1": 0.9373737373737374,
      "support": 253
    },
    {
      "class_index": 4,
      "class_name": "left",
      "precision": 0.966542750929368,
      "recall": 0.9737827715355806,
      "f1": 0.9701492537313433,
      "support": 267
    },
    {
      "class_index": 5,
      "class_name": "right",
      "precision": 0.9681274900398407,
      "recall": 0.9382239382239382,
      "f1": 0.9529411764705882,
      "support": 259
    },
    {
      "class_index": 6,
      "class_name": "on",
      "precision": 0.9330708661417323,
      "recall": 0.9634146341463414,
      "f1": 0.948,
      "support": 246
    },
    {
      "class_index": 7,
      "class_name": "off",
      "precision": 0.9959677419354839,
      "recall": 0.9427480916030534,
      "f1": 0.9686274509803922,
      "support": 262
    },
    {
      "class_index": 8,
      "class_name": "stop",
      "precision": 0.9835390946502057,
      "recall": 0.9598393574297188,
      "f1": 0.9715447154471545,
      "support": 249
    },
    {
      "class_index": 9,
      "class_name": "go",
      "precision": 0.9042145593869731,
      "recall": 0.9402390438247012,
      "f1": 0.921875,
      "support": 251
    },
    {
      "class_index": 10,
      "class_name": "unknown",
      "precision": 0.9779377612633534,
      "recall": 0.9866447985004686,
      "f1": 0.9822719850711453,
      "support": 4268
    },
    {
      "class_index": 11,
      "class_name": "silence",
      "precision": 0.0,
      "recall": 0.0,
      "f1": 0.0,
      "support": 0
    }
  ],
  "top_confusions": [
    {
      "true_class": "right",
      "predicted_as": "unknown",
      "count": 16,
      "rate_within_true": 0.06177606177606178
    },
    {
      "true_class": "unknown",
      "predicted_as": "go",
      "count": 15,
      "rate_within_true": 0.003514526710402999
    },
    {
      "true_class": "unknown",
      "predicted_as": "on",
      "count": 13,
      "rate_within_true": 0.0030459231490159327
    },
    {
      "true_class": "up",
      "predicted_as": "unknown",
      "count": 12,
      "rate_within_true": 0.04411764705882353
    },
    {
      "true_class": "go",
      "predicted_as": "unknown",
      "count": 11,
      "rate_within_true": 0.043824701195219126
    },
    {
      "true_class": "yes",
      "predicted_as": "unknown",
      "count": 10,
      "rate_within_true": 0.0390625
    },
    {
      "true_class": "down",
      "predicted_as": "no",
      "count": 9,
      "rate_within_true": 0.03557312252964427
    },
    {
      "true_class": "down",
      "predicted_as": "unknown",
      "count": 9,
      "rate_within_true": 0.03557312252964427
    },
    {
      "true_class": "on",
      "predicted_as": "unknown",
      "count": 9,
      "rate_within_true": 0.036585365853658534
    },
    {
      "true_class": "no",
      "predicted_as": "unknown",
      "count": 8,
      "rate_within_true": 0.031746031746031744
    },
    {
      "true_class": "off",
      "predicted_as": "unknown",
      "count": 8,