{
  "run_id": "ast_full_frozen_backbone_seed2137",
  "model_name": "MIT/ast-finetuned-audioset-10-10-0.4593",
  "seed": 2137,
  "optimizer": "AdamW",
  "learning_rate": 0.0001,
  "dropout": 0.1,
  "batch_size": 16,
  "device": "cuda",
  "device_name": "NVIDIA GeForce RTX 5090",
  "best_epoch": 23,
  "val_accuracy_best_epoch": 0.7630533484676504,
  "test_accuracy": 0.7449890270665691,
  "test_f1_macro": 0.48736854631126997,
  "training_time_seconds": 10461.71822142601,
  "inference_latency_ms": 6.10821488699668,
  "total_params": 86198028,
  "trainable_params": 10764
}