{
  "class_names": [
    "yes",
    "no",
    "up",
    "down",
    "left",
    "right",
    "on",
    "off",
    "stop",
    "go",
    "unknown",
    "silence"
  ],
  "confusion_matrix": [
    [
      244,
      0,
      1,
      0,
      1,
      0,
      0,
      0,
      0,
      0,
      10,
      0
    ],
    [
      3,
      236,
      1,
      3,
      0,
      0,
      0,
      0,
      1,
      3,
      5,
      0
    ],
    [
      0,
      0,
      256,
      0,
      0,
      0,
      0,
      5,
      1,
      1,
      9,
      0
    ],
    [
      0,
      1,
      0,
      242,
      0,
      0,
      0,
      0,
      0,
      1,
      9,
      0
    ],
    [
      0,
      0,
      0,
      0,
      251,
      0,
      0,
      0,
      1,
      0,
      15,
      0
    ],
    [
      0,
      0,
      0,
      0,
      0,
      239,
      0,
      0,
      0,
      0,
      20,
      0
    ],
    [
      2,
      0,
      0,
      0,
      0,
      0,
      234,
      3,
      0,
      0,
      7,
      0
    ],
    [
      0,
      1,
      1,
      0,
      0,
      0,
      0,
      254,
      0,
      1,
      5,
      0
    ],
    [
      0,
      0,
      1,
      1,
      0,
      0,
      0,
      0,
      244,
      0,
      3,
      0
    ],
    [
      0,
      1,
      1,
      2,
      0,
      0,
      0,
      0,
      0,
      230,
      17,
      0
    ],
    [
      1,
      1,
      4,
      7,
      1,
      2,
      5,
      2,
      2,
      2,
      4241,
      0
    ],
    [
      0,
      0,
      0,
      0,
      0,
      0,
      0,
      0,
      0,
      0,
      0,
      0
    ]
  ],
  "confusion_matrix_normalized": [
    [
      0.953125,
      0.0,
      0.00390625,
      0.0,
      0.00390625,
      0.0,
      0.0,
      0.0,
      0.0,
      0.0,
      0.0390625,
      0.0
    ],
    [
      0.011904761904761904,
      0.9365079365079365,
      0.003968253968253968,
      0.011904761904761904,
      0.0,
      0.0,
      0.0,
      0.0,
      0.003968253968253968,
      0.011904761904761904,
      0.01984126984126984,
      0.0
    ],
    [
      0.0,
      0.0,
      0.9411764705882353,
      0.0,
      0.0,
      0.0,
      0.0,
      0.01838235294117647,
      0.003676470588235294,
      0.003676470588235294,
      0.03308823529411765,
      0.0
    ],
    [
      0.0,
      0.003952569169960474,
      0.0,
      0.9565217391304348,
      0.0,
      0.0,
      0.0,
      0.0,
      0.0,
      0.003952569169960474,
      0.03557312252964427,
      0.0
    ],
    [
      0.0,
      0.0,
      0.0,
      0.0,
      0.9400749063670412,
      0.0,
      0.0,
      0.0,
      0.003745318352059925,
      0.0,
      0.056179775280898875,
      0.0
    ],
    [
      0.0,
      0.0,
      0.0,
      0.0,
      0.0,
      0.9227799227799228,
      0.0,
      0.0,
      0.0,
      0.0,
      0.07722007722007722,
      0.0
    ],
    [
      0.008130081300813009,
      0.0,
      0.0,
      0.0,
      0.0,
      0.0,
      0.9512195121951219,
      0.012195121951219513,
      0.0,
      0.0,
      0.028455284552845527,
      0.0
    ],
    [
      0.0,
      0.003816793893129771,
      0.003816793893129771,
      0.0,
      0.0,
      0.0,
      0.0,
      0.9694656488549618,
      0.0,
      0.003816793893129771,
      0.019083969465648856,
      0.0
    ],
    [
      0.0,
      0.0,
      0.004016064257028112,
      0.004016064257028112,
      0.0,
      0.0,
      0.0,
      0.0,
      0.9799196787148594,
      0.0,
      0.012048192771084338,
      0.0
    ],
    [
      0.0,
      0.00398406374501992,
      0.00398406374501992,
      0.00796812749003984,
      0.0,
      0.0,
      0.0,
      0.0,
      0.0,
      0.9163346613545816,
      0.06772908366533864,
      0.0
    ],
    [
      0.00023430178069353328,
      0.00023430178069353328,
      0.0009372071227741331,
      0.0016401124648547328,
      0.00023430178069353328,
      0.00046860356138706655,
      0.0011715089034676663,
      0.00046860356138706655,
      0.00046860356138706655,
      0.00046860356138706655,
      0.9936738519212746,
      0.0
    ],
    [
      0.0,
      0.0,
      0.0,
      0.0,
      0.0,
      0.0,
      0.0,
      0.0,
      0.0,
      0.0,
      0.0,
      0.0
    ]
  ],
  "per_class_metrics": [
    {
      "class_index": 0,
      "class_name": "yes",
      "precision": 0.976,
      "recall": 0.953125,
      "f1": 0.9644268774703557,
      "support": 256
    },
    {
      "class_index": 1,
      "class_name": "no",
      "precision": 0.9833333333333333,
      "recall": 0.9365079365079365,
      "f1": 0.959349593495935,
      "support": 252
    },
    {
      "class_index": 2,
      "class_name": "up",
      "precision": 0.9660377358490566,
      "recall": 0.9411764705882353,
      "f1": 0.9534450651769087,
      "support": 272
    },
    {
      "class_index": 3,
      "class_name": "down",
      "precision": 0.9490196078431372,
      "recall": 0.9565217391304348,
      "f1": 0.952755905511811,
      "support": 253
    },
    {
      "class_index": 4,
      "class_name": "left",
      "precision": 0.9920948616600791,
      "recall": 0.9400749063670412,
      "f1": 0.9653846153846154,
      "support": 267
    },
    {
      "class_index": 5,
      "class_name": "right",
      "precision": 0.991701244813278,
      "recall": 0.9227799227799228,
      "f1": 0.956,
      "support": 259
    },
    {
      "class_index": 6,
      "class_name": "on",
      "precision": 0.9790794979079498,
      "recall": 0.9512195121951219,
      "f1": 0.9649484536082474,
      "support": 246
    },
    {
      "class_index": 7,
      "class_name": "off",
      "precision": 0.9621212121212122,
      "recall": 0.9694656488549618,
      "f1": 0.9657794676806084,
      "support": 262
    },
    {
      "class_index": 8,
      "class_name": "stop",
      "precision": 0.9799196787148594,
      "recall": 0.9799196787148594,
      "f1": 0.9799196787148594,
      "support": 249
    },
    {
      "class_index": 9,
      "class_name": "go",
      "precision": 0.9663865546218487,
      "recall": 0.9163346613545816,
      "f1": 0.9406952965235174,
      "support": 251
    },
    {
      "class_index": 10,
      "class_name": "unknown",
      "precision": 0.9769638332181525,
      "recall": 0.9936738519212746,
      "f1": 0.9852479962829597,
      "support": 4268
    },
    {
      "class_index": 11,
      "class_name": "silence",
      "precision": 0.0,
      "recall": 0.0,
      "f1": 0.0,
      "support": 0
    }
  ],
  "top_confusions": [
    {
      "true_class": "right",
      "predicted_as": "unknown",
      "count": 20,
      "rate_within_true": 0.07722007722007722
    },
    {
      "true_class": "go",
      "predicted_as": "unknown",
      "count": 17,
      "rate_within_true": 0.06772908366533864
    },
    {
      "true_class": "left",
      "predicted_as": "unknown",
      "count": 15,
      "rate_within_true": 0.056179775280898875
    },
    {
      "true_class": "yes",
      "predicted_as": "unknown",
      "count": 10,
      "rate_within_true": 0.0390625
    },
    {
      "true_class": "up",
      "predicted_as": "unknown",
      "count": 9,
      "rate_within_true": 0.03308823529411765
    },
    {
      "true_class": "down",
      "predicted_as": "unknown",
      "count": 9,
      "rate_within_true": 0.03557312252964427
    },
    {
      "true_class": "on",
      "predicted_as": "unknown",
      "count": 7,
      "rate_within_true": 0.028455284552845527
    },
    {
      "true_class": "unknown",
      "predicted_as": "down",
      "count": 7,
      "rate_within_true": 0.0016401124648547328
    },
    {
      "true_class": "no",
      "predicted_as": "unknown",
      "count": 5,
      "rate_within_true": 0.01984126984126984
    },
    {
      "true_class": "up",
      "predicted_as": "off",
      "count": 5,
      "rate_within_true": 0.01838235294117647
    },
    {
      "true_class": "off",