{
  "class_names": [
    "yes",
    "no",
    "up",
    "down",
    "left",
    "right",
    "on",
    "off",
    "stop",
    "go",
    "unknown",
    "silence"
  ],
  "confusion_matrix": [
    [
      240,
      0,
      0,
      0,
      9,
      0,
      0,
      0,
      0,
      0,
      7,
      0
    ],
    [
      1,
      238,
      0,
      0,
      0,
      0,
      0,
      0,
      0,
      0,
      13,
      0
    ],
    [
      0,
      1,
      258,
      0,
      0,
      0,
      0,
      0,
      6,
      1,
      6,
      0
    ],
    [
      0,
      6,
      0,
      221,
      0,
      0,
      0,
      0,
      0,
      5,
      21,
      0
    ],
    [
      0,
      0,
      0,
      0,
      263,
      0,
      0,
      0,
      1,
      0,
      3,
      0
    ],
    [
      0,
      0,
      0,
      0,
      0,
      241,
      0,
      0,
      0,
      0,
      18,
      0
    ],
    [
      0,
      0,
      0,
      0,
      0,
      0,
      234,
      0,
      0,
      0,
      12,
      0
    ],
    [
      0,
      0,
      2,
      0,
      1,
      0,
      4,
      248,
      0,
      0,
      7,
      0
    ],
    [
      0,
      0,
      0,
      0,
      0,
      0,
      0,
      0,
      246,
      0,
      3,
      0
    ],
    [
      0,
      3,
      0,
      0,
      0,
      0,
      0,
      0,
      1,
      234,
      13,
      0
    ],
    [
      0,
      2,
      1,
      5,
      6,
      1,
      5,
      2,
      4,
      5,
      4237,
      0
    ],
    [
      0,
      0,
      0,
      0,
      0,
      0,
      0,
      0,
      0,
      0,
      0,
      0
    ]
  ],
  "confusion_matrix_normalized": [
    [
      0.9375,
      0.0,
      0.0,
      0.0,
      0.03515625,
      0.0,
      0.0,
      0.0,
      0.0,
      0.0,
      0.02734375,
      0.0
    ],
    [
      0.003968253968253968,
      0.9444444444444444,
      0.0,
      0.0,
      0.0,
      0.0,
      0.0,
      0.0,
      0.0,
      0.0,
      0.051587301587301584,
      0.0
    ],
    [
      0.0,
      0.003676470588235294,
      0.9485294117647058,
      0.0,
      0.0,
      0.0,
      0.0,
      0.0,
      0.022058823529411766,
      0.003676470588235294,
      0.022058823529411766,
      0.0
    ],
    [
      0.0,
      0.023715415019762844,
      0.0,
      0.8735177865612648,
      0.0,
      0.0,
      0.0,
      0.0,
      0.0,
      0.019762845849802372,
      0.08300395256916997,
      0.0
    ],
    [
      0.0,
      0.0,
      0.0,
      0.0,
      0.9850187265917603,
      0.0,
      0.0,
      0.0,
      0.003745318352059925,
      0.0,
      0.011235955056179775,
      0.0
    ],
    [
      0.0,
      0.0,
      0.0,
      0.0,
      0.0,
      0.9305019305019305,
      0.0,
      0.0,
      0.0,
      0.0,
      0.0694980694980695,
      0.0
    ],
    [
      0.0,
      0.0,
      0.0,
      0.0,
      0.0,
      0.0,
      0.9512195121951219,
      0.0,
      0.0,
      0.0,
      0.04878048780487805,
      0.0
    ],
    [
      0.0,
      0.0,
      0.007633587786259542,
      0.0,
      0.003816793893129771,
      0.0,
      0.015267175572519083,
      0.9465648854961832,
      0.0,
      0.0,
      0.026717557251908396,
      0.0
    ],
    [
      0.0,
      0.0,
      0.0,
      0.0,
      0.0,
      0.0,
      0.0,
      0.0,
      0.9879518072289156,
      0.0,
      0.012048192771084338,
      0.0
    ],
    [
      0.0,
      0.01195219123505976,
      0.0,
      0.0,
      0.0,
      0.0,
      0.0,
      0.0,
      0.00398406374501992,
      0.9322709163346613,
      0.05179282868525897,
      0.0
    ],
    [
      0.0,
      0.00046860356138706655,
      0.00023430178069353328,
      0.0011715089034676663,
      0.0014058106841611997,
      0.00023430178069353328,
      0.0011715089034676663,
      0.00046860356138706655,
      0.0009372071227741331,
      0.0011715089034676663,
      0.9927366447985004,
      0.0
    ],
    [
      0.0,
      0.0,
      0.0,
      0.0,
      0.0,
      0.0,
      0.0,
      0.0,
      0.0,
      0.0,
      0.0,
      0.0
    ]
  ],
  "per_class_metrics": [
    {
      "class_index": 0,
      "class_name": "yes",
      "precision": 0.995850622406639,
      "recall": 0.9375,
      "f1": 0.96579476861167,
      "support": 256
    },
    {
      "class_index": 1,
      "class_name": "no",
      "precision": 0.952,
      "recall": 0.9444444444444444,
      "f1": 0.9482071713147411,
      "support": 252
    },
    {
      "class_index": 2,
      "class_name": "up",
      "precision": 0.9885057471264368,
      "recall": 0.9485294117647058,
      "f1": 0.9681050656660413,
      "support": 272
    },
    {
      "class_index": 3,
      "class_name": "down",
      "precision": 0.9778761061946902,
      "recall": 0.8735177865612648,
      "f1": 0.9227557411273486,
      "support": 253
    },
    {
      "class_index": 4,
      "class_name": "left",
      "precision": 0.942652329749104,
      "recall": 0.9850187265917603,
      "f1": 0.9633699633699634,
      "support": 267
    },
    {
      "class_index": 5,
      "class_name": "right",
      "precision": 0.9958677685950413,
      "recall": 0.9305019305019305,
      "f1": 0.9620758483033932,
      "support": 259
    },
    {
      "class_index": 6,
      "class_name": "on",
      "precision": 0.9629629629629629,
      "recall": 0.9512195121951219,
      "f1": 0.9570552147239264,
      "support": 246
    },
    {
      "class_index": 7,
      "class_name": "off",
      "precision": 0.992,
      "recall": 0.9465648854961832,
      "f1": 0.96875,
      "support": 262
    },
    {
      "class_index": 8,
      "class_name": "stop",
      "precision": 0.9534883720930233,
      "recall": 0.9879518072289156,
      "f1": 0.9704142011834319,
      "support": 249
    },
    {
      "class_index": 9,
      "class_name": "go",
      "precision": 0.9551020408163265,
      "recall": 0.9322709163346613,
      "f1": 0.9435483870967742,
      "support": 251
    },
    {
      "class_index": 10,
      "class_name": "unknown",
      "precision": 0.9762672811059908,
      "recall": 0.9927366447985004,
      "f1": 0.9844330855018587,
      "support": 4268
    },
    {
      "class_index": 11,
      "class_name": "silence",
      "precision": 0.0,
      "recall": 0.0,
      "f1": 0.0,
      "support": 0
    }
  ],
  "top_confusions": [
    {
      "true_class": "down",
      "predicted_as": "unknown",
      "count": 21,
      "rate_within_true": 0.08300395256916997
    },
    {
      "true_class": "right",
      "predicted_as": "unknown",
      "count": 18,
      "rate_within_true": 0.0694980694980695
    },
    {
      "true_class": "no",
      "predicted_as": "unknown",
      "count": 13,
      "rate_within_true": 0.051587301587301584
    },
    {
      "true_class": "go",
      "predicted_as": "unknown",
      "count": 13,
      "rate_within_true": 0.05179282868525897
    },
    {
      "true_class": "on",
      "predicted_as": "unknown",
      "count": 12,
      "rate_within_true": 0.04878048780487805
    },
    {
      "true_class": "yes",
      "predicted_as": "left",
      "count": 9,
      "rate_within_true": 0.03515625
    },
    {
      "true_class": "yes",
      "predicted_as": "unknown",
      "count": 7,
      "rate_within_true": 0.02734375
    },
    {
      "true_class": "off",
      "predicted_as": "unknown",
      "count": 7,
      "rate_within_true": 0.026717557251908396
    },
    {
      "true_class": "up",
      "predicted_as": "stop",
      "count": 6,
      "rate_within_true": 0.022058823529411766
    },
    {
      "true_class": "up",
      "predicted_as": "unknown",
      "count": 6,
      "rate_within_true": 0.022058823529411766
    },
    {
      "true_class": "down",
      "predicted_as": "no",
      "count": 6,
      "rate_within_true": 0.023715415019762844
    },
    {
      "true_class": "unknown",
      "predicted_as": "left",
      "count": 6,