{
  "class_names": [
    "yes",
    "no",
    "up",
    "down",
    "left",
    "right",
    "on",
    "off",
    "stop",
    "go",
    "unknown",
    "silence"
  ],
  "confusion_matrix": [
    [
      241,
      0,
      0,
      0,
      3,
      0,
      0,
      2,
      0,
      2,
      8,
      0
    ],
    [
      0,
      229,
      0,
      5,
      0,
      0,
      0,
      0,
      0,
      3,
      15,
      0
    ],
    [
      0,
      1,
      262,
      0,
      0,
      0,
      1,
      3,
      0,
      0,
      5,
      0
    ],
    [
      0,
      0,
      0,
      240,
      0,
      0,
      0,
      0,
      0,
      0,
      13,
      0
    ],
    [
      0,
      0,
      0,
      0,
      256,
      0,
      0,
      2,
      0,
      0,
      9,
      0
    ],
    [
      0,
      0,
      0,
      0,
      0,
      236,
      0,
      0,
      0,
      0,
      23,
      0
    ],
    [
      0,
      0,
      0,
      0,
      0,
      0,
      229,
      1,
      0,
      0,
      16,
      0
    ],
    [
      0,
      0,
      1,
      0,
      2,
      0,
      0,
      254,
      0,
      0,
      5,
      0
    ],
    [
      0,
      0,
      1,
      0,
      0,
      0,
      0,
      0,
      245,
      0,
      3,
      0
    ],
    [
      0,
      1,
      3,
      1,
      0,
      0,
      0,
      1,
      0,
      232,
      13,
      0
    ],
    [
      0,
      2,
      3,
      8,
      6,
      4,
      5,
      8,
      2,
      11,
      4219,
      0
    ],
    [
      0,
      0,
      0,
      0,
      0,
      0,
      0,
      0,
      0,
      0,
      0,
      0
    ]
  ],
  "confusion_matrix_normalized": [
    [
      0.94140625,
      0.0,
      0.0,
      0.0,
      0.01171875,
      0.0,
      0.0,
      0.0078125,
      0.0,
      0.0078125,
      0.03125,
      0.0
    ],
    [
      0.0,
      0.9087301587301587,
      0.0,
      0.01984126984126984,
      0.0,
      0.0,
      0.0,
      0.0,
      0.0,
      0.011904761904761904,
      0.05952380952380952,
      0.0
    ],
    [
      0.0,
      0.003676470588235294,
      0.9632352941176471,
      0.0,
      0.0,
      0.0,
      0.003676470588235294,
      0.011029411764705883,
      0.0,
      0.0,
      0.01838235294117647,
      0.0
    ],
    [
      0.0,
      0.0,
      0.0,
      0.9486166007905138,
      0.0,
      0.0,
      0.0,
      0.0,
      0.0,
      0.0,
      0.05138339920948617,
      0.0
    ],
    [
      0.0,
      0.0,
      0.0,
      0.0,
      0.9588014981273408,
      0.0,
      0.0,
      0.00749063670411985,
      0.0,
      0.0,
      0.033707865168539325,
      0.0
    ],
    [
      0.0,
      0.0,
      0.0,
      0.0,
      0.0,
      0.9111969111969112,
      0.0,
      0.0,
      0.0,
      0.0,
      0.0888030888030888,
      0.0
    ],
    [
      0.0,
      0.0,
      0.0,
      0.0,
      0.0,
      0.0,
      0.9308943089430894,
      0.0040650406504065045,
      0.0,
      0.0,
      0.06504065040650407,
      0.0
    ],
    [
      0.0,
      0.0,
      0.003816793893129771,
      0.0,
      0.007633587786259542,
      0.0,
      0.0,
      0.9694656488549618,
      0.0,
      0.0,
      0.019083969465648856,
      0.0
    ],
    [
      0.0,
      0.0,
      0.004016064257028112,
      0.0,
      0.0,
      0.0,
      0.0,
      0.0,
      0.9839357429718876,
      0.0,
      0.012048192771084338,
      0.0
    ],
    [
      0.0,
      0.00398406374501992,
      0.01195219123505976,
      0.00398406374501992,
      0.0,
      0.0,
      0.0,
      0.00398406374501992,
      0.0,
      0.9243027888446215,
      0.05179282868525897,
      0.0
    ],
    [
      0.0,
      0.00046860356138706655,
      0.0007029053420805998,
      0.0018744142455482662,
      0.0014058106841611997,
      0.0009372071227741331,
      0.0011715089034676663,
      0.0018744142455482662,
      0.00046860356138706655,
      0.002577319587628866,
      0.9885192127460168,
      0.0
    ],
    [
      0.0,
      0.0,
      0.0,
      0.0,
      0.0,
      0.0,
      0.0,
      0.0,
      0.0,
      0.0,
      0.0,
      0.0
    ]
  ],
  "per_class_metrics": [
    {
      "class_index": 0,
      "class_name": "yes",
      "precision": 1.0,
      "recall": 0.94140625,
      "f1": 0.9698189134808853,
      "support": 256
    },
    {
      "class_index": 1,
      "class_name": "no",
      "precision": 0.9828326180257511,
      "recall": 0.9087301587301587,
      "f1": 0.9443298969072165,
      "support": 252
    },
    {
      "class_index": 2,
      "class_name": "up",
      "precision": 0.9703703703703703,
      "recall": 0.9632352941176471,
      "f1": 0.966789667896679,
      "support": 272
    },
    {
      "class_index": 3,
      "class_name": "down",
      "precision": 0.9448818897637795,
      "recall": 0.9486166007905138,
      "f1": 0.9467455621301775,
      "support": 253
    },
    {
      "class_index": 4,
      "class_name": "left",
      "precision": 0.9588014981273408,
      "recall": 0.9588014981273408,
      "f1": 0.9588014981273408,
      "support": 267
    },
    {
      "class_index": 5,
      "class_name": "right",
      "precision": 0.9833333333333333,
      "recall": 0.9111969111969112,
      "f1": 0.9458917835671342,
      "support": 259
    },
    {
      "class_index": 6,
      "class_name": "on",
      "precision": 0.9744680851063829,
      "recall": 0.9308943089430894,
      "f1": 0.9521829521829522,
      "support": 246
    },
    {
      "class_index": 7,
      "class_name": "off",
      "precision": 0.9372693726937269,
      "recall": 0.9694656488549618,
      "f1": 0.9530956848030019,
      "support": 262
    },
    {
      "class_index": 8,
      "class_name": "stop",
      "precision": 0.9919028340080972,
      "recall": 0.9839357429718876,
      "f1": 0.9879032258064516,
      "support": 249
    },
    {
      "class_index": 9,
      "class_name": "go",
      "precision": 0.9354838709677419,
      "recall": 0.9243027888446215,
      "f1": 0.9298597194388778,
      "support": 251
    },
    {
      "class_index": 10,
      "class_name": "unknown",
      "precision": 0.9745899745899745,
      "recall": 0.9885192127460168,
      "f1": 0.9815051762242643,
      "support": 4268
    },
    {
      "class_index": 11,
      "class_name": "silence",
      "precision": 0.0,
      "recall": 0.0,
      "f1": 0.0,
      "support": 0
    }
  ],
  "top_confusions": [
    {
      "true_class": "right",
      "predicted_as": "unknown",
      "count": 23,
      "rate_within_true": 0.0888030888030888
    },
    {
      "true_class": "on",
      "predicted_as": "unknown",
      "count": 16,
      "rate_within_true": 0.06504065040650407
    },
    {
      "true_class": "no",
      "predicted_as": "unknown",
      "count": 15,
      "rate_within_true": 0.05952380952380952
    },
    {
      "true_class": "down",
      "predicted_as": "unknown",
      "count": 13,
      "rate_within_true": 0.05138339920948617
    },
    {
      "true_class": "go",
      "predicted_as": "unknown",
      "count": 13,
      "rate_within_true": 0.05179282868525897
    },
    {
      "true_class": "unknown",
      "predicted_as": "go",
      "count": 11,
      "rate_within_true": 0.002577319587628866
    },
    {
      "true_class": "left",
      "predicted_as": "unknown",
      "count": 9,
      "rate_within_true": 0.033707865168539325
    },
    {
      "true_class": "yes",
      "predicted_as": "unknown",
      "count": 8,
      "rate_within_true": 0.03125
    },
    {
      "true_class": "unknown",
      "predicted_as": "down",
      "count": 8,
      "rate_within_true": 0.0018744142455482662
    },
    {
      "true_class": "unknown",
      "predicted_as": "off",
      "count": 8,
      "rate_within_true": 0.0018744142455482662
    },
    {
      "true_class": "unknown",
      "predicted_as": "left",
      "count": 6,
      "rate_within_true": 0.0014058106841611997
    },
    {
      "true_class": "no",