{
  "class_names": [
    "yes",
    "no",
    "up",
    "down",
    "left",
    "right",
    "on",
    "off",
    "stop",
    "go",
    "unknown",
    "silence"
  ],
  "confusion_matrix": [
    [
      247,
      0,
      0,
      0,
      1,
      0,
      0,
      0,
      0,
      0,
      8,
      0
    ],
    [
      0,
      236,
      0,
      3,
      0,
      0,
      0,
      0,
      0,
      2,
      11,
      0
    ],
    [
      0,
      0,
      259,
      0,
      0,
      0,
      0,
      2,
      1,
      0,
      10,
      0
    ],
    [
      0,
      4,
      0,
      238,
      0,
      0,
      3,
      0,
      0,
      1,
      7,
      0
    ],
    [
      2,
      0,
      1,
      0,
      256,
      1,
      0,
      0,
      0,
      0,
      7,
      0
    ],
    [
      0,
      0,
      0,
      0,
      0,
      241,
      0,
      0,
      0,
      0,
      18,
      0
    ],
    [
      0,
      0,
      1,
      0,
      0,
      1,
      234,
      2,
      0,
      0,
      8,
      0
    ],
    [
      0,
      0,
      3,
      0,
      0,
      0,
      3,
      243,
      0,
      0,
      13,
      0
    ],
    [
      0,
      0,
      2,
      1,
      0,
      0,
      0,
      0,
      242,
      0,
      4,
      0
    ],
    [
      0,
      6,
      1,
      3,
      0,
      0,
      0,
      2,
      1,
      228,
      10,
      0
    ],
    [
      2,
      0,
      3,
      8,
      0,
      14,
      13,
      0,
      6,
      5,
      4217,
      0
    ],
    [
      0,
      0,
      0,
      0,
      0,
      0,
      0,
      0,
      0,
      0,
      0,
      0
    ]
  ],
  "confusion_matrix_normalized": [
    [
      0.96484375,
      0.0,
      0.0,
      0.0,
      0.00390625,
      0.0,
      0.0,
      0.0,
      0.0,
      0.0,
      0.03125,
      0.0
    ],
    [
      0.0,
      0.9365079365079365,
      0.0,
      0.011904761904761904,
      0.0,
      0.0,
      0.0,
      0.0,
      0.0,
      0.007936507936507936,
      0.04365079365079365,
      0.0
    ],
    [
      0.0,
      0.0,
      0.9522058823529411,
      0.0,
      0.0,
      0.0,
      0.0,
      0.007352941176470588,
      0.003676470588235294,
      0.0,
      0.03676470588235294,
      0.0
    ],
    [
      0.0,
      0.015810276679841896,
      0.0,
      0.9407114624505929,
      0.0,
      0.0,
      0.011857707509881422,
      0.0,
      0.0,
      0.003952569169960474,
      0.02766798418972332,
      0.0
    ],
    [
      0.00749063670411985,
      0.0,
      0.003745318352059925,
      0.0,
      0.9588014981273408,
      0.003745318352059925,
      0.0,
      0.0,
      0.0,
      0.0,
      0.026217228464419477,
      0.0
    ],
    [
      0.0,
      0.0,
      0.0,
      0.0,
      0.0,
      0.9305019305019305,
      0.0,
      0.0,
      0.0,
      0.0,
      0.0694980694980695,
      0.0
    ],
    [
      0.0,
      0.0,
      0.0040650406504065045,
      0.0,
      0.0,
      0.0040650406504065045,
      0.9512195121951219,
      0.008130081300813009,
      0.0,
      0.0,
      0.032520325203252036,
      0.0
    ],
    [
      0.0,
      0.0,
      0.011450381679389313,
      0.0,
      0.0,
      0.0,
      0.011450381679389313,
      0.9274809160305344,
      0.0,
      0.0,
      0.04961832061068702,
      0.0
    ],
    [
      0.0,
      0.0,
      0.008032128514056224,
      0.004016064257028112,
      0.0,
      0.0,
      0.0,
      0.0,
      0.9718875502008032,
      0.0,
      0.01606425702811245,
      0.0
    ],
    [
      0.0,
      0.02390438247011952,
      0.00398406374501992,
      0.01195219123505976,
      0.0,
      0.0,
      0.0,
      0.00796812749003984,
      0.00398406374501992,
      0.9083665338645418,
      0.0398406374501992,
      0.0
    ],
    [
      0.00046860356138706655,
      0.0,
      0.0007029053420805998,
      0.0018744142455482662,
      0.0,
      0.0032802249297094657,
      0.0030459231490159327,
      0.0,
      0.0014058106841611997,
      0.0011715089034676663,
      0.9880506091846298,
      0.0
    ],
    [
      0.0,
      0.0,
      0.0,
      0.0,
      0.0,
      0.0,
      0.0,
      0.0,
      0.0,
      0.0,
      0.0,
      0.0
    ]
  ],
  "per_class_metrics": [
    {
      "class_index": 0,
      "class_name": "yes",
      "precision": 0.9840637450199203,
      "recall": 0.96484375,
      "f1": 0.9743589743589743,
      "support": 256
    },
    {
      "class_index": 1,
      "class_name": "no",
      "precision": 0.959349593495935,
      "recall": 0.9365079365079365,
      "f1": 0.9477911646586346,
      "support": 252
    },
    {
      "class_index": 2,
      "class_name": "up",
      "precision": 0.9592592592592593,
      "recall": 0.9522058823529411,
      "f1": 0.955719557195572,
      "support": 272
    },
    {
      "class_index": 3,
      "class_name": "down",
      "precision": 0.9407114624505929,
      "recall": 0.9407114624505929,
      "f1": 0.9407114624505929,
      "support": 253
    },
    {
      "class_index": 4,
      "class_name": "left",
      "precision": 0.9961089494163424,
      "recall": 0.9588014981273408,
      "f1": 0.9770992366412213,
      "support": 267
    },
    {
      "class_index": 5,
      "class_name": "right",
      "precision": 0.9377431906614786,
      "recall": 0.9305019305019305,
      "f1": 0.9341085271317829,
      "support": 259
    },
    {
      "class_index": 6,
      "class_name": "on",
      "precision": 0.924901185770751,
      "recall": 0.9512195121951219,
      "f1": 0.9378757515030061,
      "support": 246
    },
    {
      "class_index": 7,
      "class_name": "off",
      "precision": 0.9759036144578314,
      "recall": 0.9274809160305344,
      "f1": 0.9510763209393346,
      "support": 262
    },
    {
      "class_index": 8,
      "class_name": "stop",
      "precision": 0.968,
      "recall": 0.9718875502008032,
      "f1": 0.969939879759519,
      "support": 249
    },
    {
      "class_index": 9,
      "class_name": "go",
      "precision": 0.9661016949152542,
      "recall": 0.9083665338645418,
      "f1": 0.9363449691991786,
      "support": 251
    },
    {
      "class_index": 10,
      "class_name": "unknown",
      "precision": 0.9777417111059588,
      "recall": 0.9880506091846298,
      "f1": 0.9828691294720895,
      "support": 4268
    },
    {
      "class_index": 11,
      "class_name": "silence",
      "precision": 0.0,
      "recall": 0.0,
      "f1": 0.0,
      "support": 0
    }
  ],
  "top_confusions": [
    {
      "true_class": "right",
      "predicted_as": "unknown",
      "count": 18,
      "rate_within_true": 0.0694980694980695
    },
    {
      "true_class": "unknown",
      "predicted_as": "right",
      "count": 14,
      "rate_within_true": 0.0032802249297094657
    },
    {
      "true_class": "off",
      "predicted_as": "unknown",
      "count": 13,
      "rate_within_true": 0.04961832061068702
    },
    {
      "true_class": "unknown",
      "predicted_as": "on",
      "count": 13,
      "rate_within_true": 0.0030459231490159327
    },
    {
      "true_class": "no",
      "predicted_as": "unknown",
      "count": 11,
      "rate_within_true": 0.04365079365079365
    },
    {
      "true_class": "up",
      "predicted_as": "unknown",
      "count": 10,
      "rate_within_true": 0.03676470588235294
    },
    {
      "true_class": "go",
      "predicted_as": "unknown",
      "count": 10,
      "rate_within_true": 0.0398406374501992
    },
    {
      "true_class": "yes",
      "predicted_as": "unknown",
      "count": 8,
      "rate_within_true": 0.03125
    },
    {
      "true_class": "on",
      "predicted_as": "unknown",
      "count": 8,
      "rate_within_true": 0.032520325203252036
    },
    {
      "true_class": "unknown",
      "predicted_as": "down",
      "count": 8,
      "rate_within_true": 0.0018744142455482662
    },
    {
      "true_class": "down",
      "predicted_as": "unknown",
      "count": 7,