{
  "class_names": [
    "yes",
    "no",
    "up",
    "down",
    "left",
    "right",
    "on",
    "off",
    "stop",
    "go",
    "unknown",
    "silence"
  ],
  "confusion_matrix": [
    [
      250,
      0,
      1,
      0,
      0,
      0,
      0,
      0,
      0,
      0,
      5,
      0
    ],
    [
      0,
      232,
      3,
      4,
      0,
      0,
      0,
      0,
      0,
      2,
      11,
      0
    ],
    [
      0,
      0,
      260,
      0,
      0,
      0,
      1,
      0,
      2,
      1,
      8,
      0
    ],
    [
      0,
      0,
      0,
      242,
      0,
      0,
      0,
      0,
      1,
      4,
      6,
      0
    ],
    [
      1,
      0,
      0,
      0,
      262,
      0,
      0,
      0,
      0,
      0,
      4,
      0
    ],
    [
      0,
      0,
      0,
      0,
      0,
      242,
      0,
      0,
      0,
      0,
      17,
      0
    ],
    [
      0,
      0,
      0,
      0,
      0,
      1,
      235,
      0,
      0,
      0,
      10,
      0
    ],
    [
      0,
      0,
      0,
      0,
      1,
      0,
      1,
      254,
      0,
      0,
      6,
      0
    ],
    [
      0,
      0,
      3,
      1,
      0,
      0,
      0,
      0,
      238,
      0,
      7,
      0
    ],
    [
      0,
      2,
      1,
      1,
      1,
      0,
      0,
      0,
      0,
      235,
      11,
      0
    ],
    [
      4,
      0,
      8,
      10,
      8,
      11,
      7,
      4,
      2,
      4,
      4210,
      0
    ],
    [
      0,
      0,
      0,
      0,
      0,
      0,
      0,
      0,
      0,
      0,
      0,
      0
    ]
  ],
  "confusion_matrix_normalized": [
    [
      0.9765625,
      0.0,
      0.00390625,
      0.0,
      0.0,
      0.0,
      0.0,
      0.0,
      0.0,
      0.0,
      0.01953125,
      0.0
    ],
    [
      0.0,
      0.9206349206349206,
      0.011904761904761904,
      0.015873015873015872,
      0.0,
      0.0,
      0.0,
      0.0,
      0.0,
      0.007936507936507936,
      0.04365079365079365,
      0.0
    ],
    [
      0.0,
      0.0,
      0.9558823529411765,
      0.0,
      0.0,
      0.0,
      0.003676470588235294,
      0.0,
      0.007352941176470588,
      0.003676470588235294,
      0.029411764705882353,
      0.0
    ],
    [
      0.0,
      0.0,
      0.0,
      0.9565217391304348,
      0.0,
      0.0,
      0.0,
      0.0,
      0.003952569169960474,
      0.015810276679841896,
      0.023715415019762844,
      0.0
    ],
    [
      0.003745318352059925,
      0.0,
      0.0,
      0.0,
      0.9812734082397003,
      0.0,
      0.0,
      0.0,
      0.0,
      0.0,
      0.0149812734082397,
      0.0
    ],
    [
      0.0,
      0.0,
      0.0,
      0.0,
      0.0,
      0.9343629343629344,
      0.0,
      0.0,
      0.0,
      0.0,
      0.06563706563706563,
      0.0
    ],
    [
      0.0,
      0.0,
      0.0,
      0.0,
      0.0,
      0.0040650406504065045,
      0.9552845528455285,
      0.0,
      0.0,
      0.0,
      0.04065040650406504,
      0.0
    ],
    [
      0.0,
      0.0,
      0.0,
      0.0,
      0.003816793893129771,
      0.0,
      0.003816793893129771,
      0.9694656488549618,
      0.0,
      0.0,
      0.022900763358778626,
      0.0
    ],
    [
      0.0,
      0.0,
      0.012048192771084338,
      0.004016064257028112,
      0.0,
      0.0,
      0.0,
      0.0,
      0.9558232931726908,
      0.0,
      0.028112449799196786,
      0.0
    ],
    [
      0.0,
      0.00796812749003984,
      0.00398406374501992,
      0.00398406374501992,
      0.00398406374501992,
      0.0,
      0.0,
      0.0,
      0.0,
      0.9362549800796812,
      0.043824701195219126,
      0.0
    ],
    [
      0.0009372071227741331,
      0.0,
      0.0018744142455482662,
      0.0023430178069353325,
      0.0018744142455482662,
      0.002577319587628866,
      0.0016401124648547328,
      0.0009372071227741331,
      0.00046860356138706655,
      0.0009372071227741331,
      0.9864104967197751,
      0.0
    ],
    [
      0.0,
      0.0,
      0.0,
      0.0,
      0.0,
      0.0,
      0.0,
      0.0,
      0.0,
      0.0,
      0.0,
      0.0
    ]
  ],
  "per_class_metrics": [
    {
      "class_index": 0,
      "class_name": "yes",
      "precision": 0.9803921568627451,
      "recall": 0.9765625,
      "f1": 0.9784735812133072,
      "support": 256
    },
    {
      "class_index": 1,
      "class_name": "no",
      "precision": 0.9914529914529915,
      "recall": 0.9206349206349206,
      "f1": 0.9547325102880658,
      "support": 252
    },
    {
      "class_index": 2,
      "class_name": "up",
      "precision": 0.9420289855072463,
      "recall": 0.9558823529411765,
      "f1": 0.948905109489051,
      "support": 272
    },
    {
      "class_index": 3,
      "class_name": "down",
      "precision": 0.937984496124031,
      "recall": 0.9565217391304348,
      "f1": 0.9471624266144814,
      "support": 253
    },
    {
      "class_index": 4,
      "class_name": "left",
      "precision": 0.9632352941176471,
      "recall": 0.9812734082397003,
      "f1": 0.9721706864564007,
      "support": 267
    },
    {
      "class_index": 5,
      "class_name": "right",
      "precision": 0.952755905511811,
      "recall": 0.9343629343629344,
      "f1": 0.9434697855750487,
      "support": 259
    },
    {
      "class_index": 6,
      "class_name": "on",
      "precision": 0.9631147540983607,
      "recall": 0.9552845528455285,
      "f1": 0.9591836734693877,
      "support": 246
    },
    {
      "class_index": 7,
      "class_name": "off",
      "precision": 0.9844961240310077,
      "recall": 0.9694656488549618,
      "f1": 0.9769230769230769,
      "support": 262
    },
    {
      "class_index": 8,
      "class_name": "stop",
      "precision": 0.9794238683127572,
      "recall": 0.9558232931726908,
      "f1": 0.967479674796748,
      "support": 249
    },
    {
      "class_index": 9,
      "class_name": "go",
      "precision": 0.9552845528455285,
      "recall": 0.9362549800796812,
      "f1": 0.9456740442655935,
      "support": 251
    },
    {
      "class_index": 10,
      "class_name": "unknown",
      "precision": 0.980209545983702,
      "recall": 0.9864104967197751,
      "f1": 0.9833002452411538,
      "support": 4268
    },
    {
      "class_index": 11,
      "class_name": "silence",
      "precision": 0.0,
      "recall": 0.0,
      "f1": 0.0,
      "support": 0
    }
  ],
  "top_confusions": [
    {
      "true_class": "right",
      "predicted_as": "unknown",
      "count": 17,
      "rate_within_true": 0.06563706563706563
    },
    {
      "true_class": "no",
      "predicted_as": "unknown",
      "count": 11,
      "rate_within_true": 0.04365079365079365
    },
    {
      "true_class": "go",
      "predicted_as": "unknown",
      "count": 11,
      "rate_within_true": 0.043824701195219126
    },
    {
      "true_class": "unknown",
      "predicted_as": "right",
      "count": 11,
      "rate_within_true": 0.002577319587628866
    },
    {
      "true_class": "on",
      "predicted_as": "unknown",
      "count": 10,
      "rate_within_true": 0.04065040650406504
    },
    {
      "true_class": "unknown",
      "predicted_as": "down",
      "count": 10,
      "rate_within_true": 0.0023430178069353325
    },
    {
      "true_class": "up",
      "predicted_as": "unknown",
      "count": 8,
      "rate_within_true": 0.029411764705882353
    },
    {
      "true_class": "unknown",
      "predicted_as": "up",
      "count": 8,
      "rate_within_true": 0.0018744142455482662
    },
    {
      "true_class": "unknown",
      "predicted_as": "left",
      "count": 8,
      "rate_within_true": 0.0018744142455482662
    },
    {
      "true_class": "stop",
      "predicted_as": "unknown",
      "count": 7,
      "rate_within_true": 0.028112449799196786
    },
    {
      "true_class": "unknown",
      "predicted_as": "on",
      "count": 7,