{
  "class_names": [
    "yes",
    "no",
    "up",
    "down",
    "left",
    "right",
    "on",
    "off",
    "stop",
    "go",
    "unknown",
    "silence"
  ],
  "confusion_matrix": [
    [
      239,
      1,
      0,
      0,
      5,
      1,
      0,
      2,
      0,
      0,
      8,
      0
    ],
    [
      0,
      230,
      0,
      2,
      0,
      0,
      0,
      0,
      1,
      6,
      13,
      0
    ],
    [
      0,
      0,
      264,
      0,
      0,
      0,
      0,
      2,
      1,
      0,
      5,
      0
    ],
    [
      0,
      9,
      0,
      224,
      1,
      0,
      0,
      0,
      1,
      0,
      18,
      0
    ],
    [
      0,
      0,
      2,
      0,
      231,
      27,
      0,
      0,
      0,
      0,
      7,
      0
    ],
    [
      0,
      0,
      0,
      0,
      0,
      250,
      0,
      0,
      0,
      0,
      9,
      0
    ],
    [
      0,
      0,
      3,
      1,
      0,
      0,
      204,
      7,
      0,
      0,
      31,
      0
    ],
    [
      0,
      0,
      6,
      0,
      0,
      0,
      0,
      251,
      0,
      0,
      5,
      0
    ],
    [
      0,
      0,
      4,
      0,
      0,
      0,
      0,
      0,
      240,
      0,
      5,
      0
    ],
    [
      0,
      11,
      3,
      4,
      1,
      0,
      0,
      0,
      0,
      211,
      21,
      0
    ],
    [
      1,
      9,
      36,
      6,
      11,
      139,
      2,
      9,
      5,
      25,
      4025,
      0
    ],
    [
      0,
      0,
      0,
      0,
      0,
      0,
      0,
      0,
      0,
      0,
      0,
      0
    ]
  ],
  "confusion_matrix_normalized": [
    [
      0.93359375,
      0.00390625,
      0.0,
      0.0,
      0.01953125,
      0.00390625,
      0.0,
      0.0078125,
      0.0,
      0.0,
      0.03125,
      0.0
    ],
    [
      0.0,
      0.9126984126984127,
      0.0,
      0.007936507936507936,
      0.0,
      0.0,
      0.0,
      0.0,
      0.003968253968253968,
      0.023809523809523808,
      0.051587301587301584,
      0.0
    ],
    [
      0.0,
      0.0,
      0.9705882352941176,
      0.0,
      0.0,
      0.0,
      0.0,
      0.007352941176470588,
      0.003676470588235294,
      0.0,
      0.01838235294117647,
      0.0
    ],
    [
      0.0,
      0.03557312252964427,
      0.0,
      0.8853754940711462,
      0.003952569169960474,
      0.0,
      0.0,
      0.0,
      0.003952569169960474,
      0.0,
      0.07114624505928854,
      0.0
    ],
    [
      0.0,
      0.0,
      0.00749063670411985,
      0.0,
      0.8651685393258427,
      0.10112359550561797,
      0.0,
      0.0,
      0.0,
      0.0,
      0.026217228464419477,
      0.0
    ],
    [
      0.0,
      0.0,
      0.0,
      0.0,
      0.0,
      0.9652509652509652,
      0.0,
      0.0,
      0.0,
      0.0,
      0.03474903474903475,
      0.0
    ],
    [
      0.0,
      0.0,
      0.012195121951219513,
      0.0040650406504065045,
      0.0,
      0.0,
      0.8292682926829268,
      0.028455284552845527,
      0.0,
      0.0,
      0.12601626016260162,
      0.0
    ],
    [
      0.0,
      0.0,
      0.022900763358778626,
      0.0,
      0.0,
      0.0,
      0.0,
      0.9580152671755725,
      0.0,
      0.0,
      0.019083969465648856,
      0.0
    ],
    [
      0.0,
      0.0,
      0.01606425702811245,
      0.0,
      0.0,
      0.0,
      0.0,
      0.0,
      0.963855421686747,
      0.0,
      0.020080321285140562,
      0.0
    ],
    [
      0.0,
      0.043824701195219126,
      0.01195219123505976,
      0.01593625498007968,
      0.00398406374501992,
      0.0,
      0.0,
      0.0,
      0.0,
      0.8406374501992032,
      0.08366533864541832,
      0.0
    ],
    [
      0.00023430178069353328,
      0.0021087160262417996,
      0.008434864104967198,
      0.0014058106841611997,
      0.002577319587628866,
      0.03256794751640112,
      0.00046860356138706655,
      0.0021087160262417996,
      0.0011715089034676663,
      0.005857544517338332,
      0.9430646672914714,
      0.0
    ],
    [
      0.0,
      0.0,
      0.0,
      0.0,
      0.0,
      0.0,
      0.0,
      0.0,
      0.0,
      0.0,
      0.0,
      0.0
    ]
  ],
  "per_class_metrics": [
    {
      "class_index": 0,
      "class_name": "yes",
      "precision": 0.9958333333333333,
      "recall": 0.93359375,
      "f1": 0.9637096774193549,
      "support": 256
    },
    {
      "class_index": 1,
      "class_name": "no",
      "precision": 0.8846153846153846,
      "recall": 0.9126984126984127,
      "f1": 0.8984375,
      "support": 252
    },
    {
      "class_index": 2,
      "class_name": "up",
      "precision": 0.8301886792452831,
      "recall": 0.9705882352941176,
      "f1": 0.8949152542372881,
      "support": 272
    },
    {
      "class_index": 3,
      "class_name": "down",
      "precision": 0.9451476793248945,
      "recall": 0.8853754940711462,
      "f1": 0.9142857142857143,
      "support": 253
    },
    {
      "class_index": 4,
      "class_name": "left",
      "precision": 0.927710843373494,
      "recall": 0.8651685393258427,
      "f1": 0.8953488372093024,
      "support": 267
    },
    {
      "class_index": 5,
      "class_name": "right",
      "precision": 0.5995203836930456,
      "recall": 0.9652509652509652,
      "f1": 0.7396449704142012,
      "support": 259
    },
    {
      "class_index": 6,
      "class_name": "on",
      "precision": 0.9902912621359223,
      "recall": 0.8292682926829268,
      "f1": 0.9026548672566371,
      "support": 246
    },
    {
      "class_index": 7,
      "class_name": "off",
      "precision": 0.9261992619926199,
      "recall": 0.9580152671755725,
      "f1": 0.9418386491557224,
      "support": 262
    },
    {
      "class_index": 8,
      "class_name": "stop",
      "precision": 0.967741935483871,
      "recall": 0.963855421686747,
      "f1": 0.96579476861167,
      "support": 249
    },
    {
      "class_index": 9,
      "class_name": "go",
      "precision": 0.871900826446281,
      "recall": 0.8406374501992032,
      "f1": 0.8559837728194726,
      "support": 251
    },
    {
      "class_index": 10,
      "class_name": "unknown",
      "precision": 0.9705811429949361,
      "recall": 0.9430646672914714,
      "f1": 0.9566250742721331,
      "support": 4268
    },
    {
      "class_index": 11,
      "class_name": "silence",
      "precision": 0.0,
      "recall": 0.0,
      "f1": 0.0,
      "support": 0
    }
  ],
  "top_confusions": [
    {
      "true_class": "unknown",
      "predicted_as": "right",
      "count": 139,
      "rate_within_true": 0.03256794751640112
    },
    {
      "true_class": "unknown",
      "predicted_as": "up",
      "count": 36,
      "rate_within_true": 0.008434864104967198
    },
    {
      "true_class": "on",
      "predicted_as": "unknown",
      "count": 31,
      "rate_within_true": 0.12601626016260162
    },
    {
      "true_class": "left",
      "predicted_as": "right",
      "count": 27,
      "rate_within_true": 0.10112359550561797
    },
    {
      "true_class": "unknown",
      "predicted_as": "go",
      "count": 25,
      "rate_within_true": 0.005857544517338332
    },
    {
      "true_class": "go",
      "predicted_as": "unknown",
      "count": 21,
      "rate_within_true": 0.08366533864541832
    },
    {
      "true_class": "down",
      "predicted_as": "unknown",
      "count": 18,
      "rate_within_true": 0.07114624505928854
    },
    {
      "true_class": "no",
      "predicted_as": "unknown",
      "count": 13,
      "rate_within_true": 0.051587301587301584
    },
    {
      "true_class": "go",
      "predicted_as": "no",
      "count": 11,
      "rate_within_true": 0.043824701195219126
    },
    {
      "true_class": "unknown",
      "predicted_as": "left",
      "count": 11,
      "rate_within_true": 0.002577319587628866
    },
    {
      "true_class": "down",
      "predicted_as": "no",