{
  "class_names": [
    "yes",
    "no",
    "up",
    "down",
    "left",
    "right",
    "on",
    "off",
    "stop",
    "go",
    "unknown",
    "silence"
  ],
  "confusion_matrix": [
    [
      246,
      0,
      0,
      0,
      0,
      0,
      0,
      0,
      0,
      0,
      10,
      0
    ],
    [
      0,
      234,
      0,
      1,
      1,
      0,
      1,
      0,
      0,
      2,
      13,
      0
    ],
    [
      0,
      0,
      257,
      0,
      0,
      0,
      0,
      5,
      0,
      0,
      10,
      0
    ],
    [
      0,
      2,
      0,
      234,
      0,
      0,
      0,
      0,
      0,
      4,
      13,
      0
    ],
    [
      2,
      0,
      0,
      0,
      249,
      0,
      0,
      0,
      0,
      0,
      16,
      0
    ],
    [
      0,
      0,
      0,
      0,
      0,
      213,
      0,
      0,
      0,
      0,
      46,
      0
    ],
    [
      0,
      0,
      0,
      0,
      0,
      0,
      227,
      0,
      0,
      0,
      19,
      0
    ],
    [
      0,
      0,
      2,
      0,
      1,
      0,
      5,
      248,
      0,
      0,
      6,
      0
    ],
    [
      0,
      0,
      2,
      0,
      0,
      0,
      0,
      0,
      237,
      0,
      10,
      0
    ],
    [
      0,
      2,
      1,
      1,
      0,
      0,
      0,
      0,
      0,
      234,
      13,
      0
    ],
    [
      1,
      1,
      2,
      1,
      0,
      1,
      0,
      1,
      1,
      4,
      4256,
      0
    ],
    [
      0,
      0,
      0,
      0,
      0,
      0,
      0,
      0,
      0,
      0,
      0,
      0
    ]
  ],
  "confusion_matrix_normalized": [
    [
      0.9609375,
      0.0,
      0.0,
      0.0,
      0.0,
      0.0,
      0.0,
      0.0,
      0.0,
      0.0,
      0.0390625,
      0.0
    ],
    [
      0.0,
      0.9285714285714286,
      0.0,
      0.003968253968253968,
      0.003968253968253968,
      0.0,
      0.003968253968253968,
      0.0,
      0.0,
      0.007936507936507936,
      0.051587301587301584,
      0.0
    ],
    [
      0.0,
      0.0,
      0.9448529411764706,
      0.0,
      0.0,
      0.0,
      0.0,
      0.01838235294117647,
      0.0,
      0.0,
      0.03676470588235294,
      0.0
    ],
    [
      0.0,
      0.007905138339920948,
      0.0,
      0.924901185770751,
      0.0,
      0.0,
      0.0,
      0.0,
      0.0,
      0.015810276679841896,
      0.05138339920948617,
      0.0
    ],
    [
      0.00749063670411985,
      0.0,
      0.0,
      0.0,
      0.9325842696629213,
      0.0,
      0.0,
      0.0,
      0.0,
      0.0,
      0.0599250936329588,
      0.0
    ],
    [
      0.0,
      0.0,
      0.0,
      0.0,
      0.0,
      0.8223938223938224,
      0.0,
      0.0,
      0.0,
      0.0,
      0.1776061776061776,
      0.0
    ],
    [
      0.0,
      0.0,
      0.0,
      0.0,
      0.0,
      0.0,
      0.9227642276422764,
      0.0,
      0.0,
      0.0,
      0.07723577235772358,
      0.0
    ],
    [
      0.0,
      0.0,
      0.007633587786259542,
      0.0,
      0.003816793893129771,
      0.0,
      0.019083969465648856,
      0.9465648854961832,
      0.0,
      0.0,
      0.022900763358778626,
      0.0
    ],
    [
      0.0,
      0.0,
      0.008032128514056224,
      0.0,
      0.0,
      0.0,
      0.0,
      0.0,
      0.9518072289156626,
      0.0,
      0.040160642570281124,
      0.0
    ],
    [
      0.0,
      0.00796812749003984,
      0.00398406374501992,
      0.00398406374501992,
      0.0,
      0.0,
      0.0,
      0.0,
      0.0,
      0.9322709163346613,
      0.05179282868525897,
      0.0
    ],
    [
      0.00023430178069353328,
      0.00023430178069353328,
      0.00046860356138706655,
      0.00023430178069353328,
      0.0,
      0.00023430178069353328,
      0.0,
      0.00023430178069353328,
      0.00023430178069353328,
      0.0009372071227741331,
      0.9971883786316776,
      0.0
    ],
    [
      0.0,
      0.0,
      0.0,
      0.0,
      0.0,
      0.0,
      0.0,
      0.0,
      0.0,
      0.0,
      0.0,
      0.0
    ]
  ],
  "per_class_metrics": [
    {
      "class_index": 0,
      "class_name": "yes",
      "precision": 0.9879518072289156,
      "recall": 0.9609375,
      "f1": 0.9742574257425742,
      "support": 256
    },
    {
      "class_index": 1,
      "class_name": "no",
      "precision": 0.9790794979079498,
      "recall": 0.9285714285714286,
      "f1": 0.9531568228105907,
      "support": 252
    },
    {
      "class_index": 2,
      "class_name": "up",
      "precision": 0.9734848484848485,
      "recall": 0.9448529411764706,
      "f1": 0.9589552238805971,
      "support": 272
    },
    {
      "class_index": 3,
      "class_name": "down",
      "precision": 0.9873417721518988,
      "recall": 0.924901185770751,
      "f1": 0.9551020408163265,
      "support": 253
    },
    {
      "class_index": 4,
      "class_name": "left",
      "precision": 0.9920318725099602,
      "recall": 0.9325842696629213,
      "f1": 0.9613899613899614,
      "support": 267
    },
    {
      "class_index": 5,
      "class_name": "right",
      "precision": 0.9953271028037384,
      "recall": 0.8223938223938224,
      "f1": 0.9006342494714588,
      "support": 259
    },
    {
      "class_index": 6,
      "class_name": "on",
      "precision": 0.9742489270386266,
      "recall": 0.9227642276422764,
      "f1": 0.9478079331941545,
      "support": 246
    },
    {
      "class_index": 7,
      "class_name": "off",
      "precision": 0.9763779527559056,
      "recall": 0.9465648854961832,
      "f1": 0.9612403100775194,
      "support": 262
    },
    {
      "class_index": 8,
      "class_name": "stop",
      "precision": 0.9957983193277311,
      "recall": 0.9518072289156626,
      "f1": 0.973305954825462,
      "support": 249
    },
    {
      "class_index": 9,
      "class_name": "go",
      "precision": 0.9590163934426229,
      "recall": 0.9322709163346613,
      "f1": 0.9454545454545454,
      "support": 251
    },
    {
      "class_index": 10,
      "class_name": "unknown",
      "precision": 0.9646418857660924,
      "recall": 0.9971883786316776,
      "f1": 0.9806451612903225,
      "support": 4268
    },
    {
      "class_index": 11,
      "class_name": "silence",
      "precision": 0.0,
      "recall": 0.0,
      "f1": 0.0,
      "support": 0
    }
  ],
  "top_confusions": [
    {
      "true_class": "right",
      "predicted_as": "unknown",
      "count": 46,
      "rate_within_true": 0.1776061776061776
    },
    {
      "true_class": "on",
      "predicted_as": "unknown",
      "count": 19,
      "rate_within_true": 0.07723577235772358
    },
    {
      "true_class": "left",
      "predicted_as": "unknown",
      "count": 16,
      "rate_within_true": 0.0599250936329588
    },
    {
      "true_class": "no",
      "predicted_as": "unknown",
      "count": 13,
      "rate_within_true": 0.051587301587301584
    },
    {
      "true_class": "down",
      "predicted_as": "unknown",
      "count": 13,
      "rate_within_true": 0.05138339920948617
    },
    {
      "true_class": "go",
      "predicted_as": "unknown",
      "count": 13,
      "rate_within_true": 0.05179282868525897
    },
    {
      "true_class": "yes",
      "predicted_as": "unknown",
      "count": 10,
      "rate_within_true": 0.0390625
    },
    {
      "true_class": "up",
      "predicted_as": "unknown",
      "count": 10,
      "rate_within_true": 0.03676470588235294
    },
    {
      "true_class": "stop",
      "predicted_as": "unknown",
      "count": 10,
      "rate_within_true": 0.040160642570281124
    },
    {
      "true_class": "off",
      "predicted_as": "unknown",
      "count": 6,
      "rate_within_true": 0.022900763358778626
    },
    {
      "true_class": "up",
      "predicted_as": "off",
      "count": 5,
      "rate_within_true": 0.01838235294117647
    },
    {
      "true_class": "off",