{
  "model": "mobilenetv2",
  "seed": 42,
  "threshold": 0.5,
  "epochs_configured": 8,
  "best_epoch": 5,
  "best_val_acc": 0.9717650397275823,
  "val_binary_metrics": {
    "precision": 0.9864505202032422,
    "recall": 0.9658848614072495,
    "f1": 0.9760593727555662,
    "acc": 0.9716231555051078,
    "threshold": 0.5
  },
  "model_parameters": {
    "total": 2225858,
    "trainable": 2225858
  },
  "checkpoint": "outputs\\resnet18\\resnet18_full_unknown_detector_seed42\\unknown_detector_seed42.pt"
}