{
  "run_id": "ast_full_balancing_loss_undersample_seed2137",
  "model_name": "MIT/ast-finetuned-audioset-10-10-0.4593",
  "seed": 2137,
  "optimizer": "AdamW",
  "learning_rate": 5e-05,
  "dropout": 0.1,
  "batch_size": 16,
  "device": "cuda",
  "device_name": "NVIDIA GeForce RTX 5090",
  "best_epoch": 20,
  "val_accuracy_best_epoch": 0.9564415437003405,
  "test_accuracy": 0.9651792245793709,
  "test_f1_macro": 0.8674757251250983,
  "training_time_seconds": 16632.80383348465,
  "inference_latency_ms": 6.100514423151194,
  "total_params": 86198028,
  "trainable_params": 86198028
}