{
  "model": "resnet18_no_audio_tweaks",
  "experiment_name": "resnet18_full_baseline_no_audio_tweaks",
  "seeds": [
    42,
    123,
    2026,
    2137
  ],
  "num_runs": 4,
  "aggregate": {
    "best_validation": {
      "acc": {
        "mean": 0.9700624290578888,
        "std": 0.0011081512025974097,
        "min": 0.9682179341657208,
        "max": 0.97105561861521,
        "n": 4
      },
      "loss": {
        "mean": 0.11799583408790446,
        "std": 0.005967347625488699,
        "min": 0.10822531621491961,
        "max": 0.12441234679273055,
        "n": 4
      },
      "macro_precision": {
        "mean": 0.965583035941738,
        "std": 0.0029163152366140756,
        "min": 0.9626604756149743,
        "max": 0.9695141866404898,
        "n": 4
      },
      "macro_recall": {
        "mean": 0.9433643816779473,
        "std": 0.004185547007598106,
        "min": 0.9367340005019543,
        "max": 0.9478833465551834,
        "n": 4
      },
      "macro_f1": {
        "mean": 0.9539151476922155,
        "std": 0.0011118331474050114,
        "min": 0.9521300098243972,
        "max": 0.9549011748425533,
        "n": 4
      }
    },
    "test": {
      "acc": {
        "mean": 0.9727871250914412,
        "std": 0.0023973620494767704,
        "min": 0.9704462326261888,
        "max": 0.9758595464520848,
        "n": 4
      },
      "loss": {
        "mean": 0.10171488469056772,
        "std": 0.011952714108824288,
        "min": 0.08633662439513497,
        "max": 0.11987687044823984,
        "n": 4
      },
      "macro_precision": {
        "mean": 0.9725593410650677,
        "std": 0.005757653985177098,
        "min": 0.9630220542621637,
        "max": 0.9784434461978768,
        "n": 4
      },
      "macro_recall": {
        "mean": 0.9444915682086571,
        "std": 0.0052133939591676795,
        "min": 0.9360817929378015,
        "max": 0.9502219207587249,
        "n": 4
      },
      "macro_f1": {
        "mean": 0.9580127260140456,
        "std": 0.004303242865601212,
        "min": 0.9535563992762188,
        "max": 0.9639873082935257,
        "n": 4
      },
      "inference_latency_ms": {
        "mean": 0.42703636795179833,
        "std": 0.03913363585615363,
        "min": 0.36234294073114576,
        "max": 0.46031297727940357,
        "n": 4
      }
    },
    "timing": {
      "total_training_time_sec": {
        "mean": 2839.0739965438843,
        "std": 2143.104786510194,
        "min": 868.9397172927856,
        "max": 6393.653576850891,
        "n": 4
      },
      "mean_epoch_time_seconds": {
        "mean": 90.6082752536976,
        "std": 41.345697017697006,
        "min": 62.36389393391816,
        "max": 161.86249705461356,
        "n": 4
      },
      "max_epoch_time_seconds": {
        "mean": 405.4022870063782,
        "std": 212.02745886414644,
        "min": 258.9913468360901,
        "max": 770.0067558288574,
        "n": 4
      }
    },
    "model_parameters": {
      "total": {
        "mean": 11182668.0,
        "std": 0.0,
        "min": 11182668.0,
        "max": 11182668.0,
        "n": 4
      },
      "trainable": {
        "mean": 11182668.0,
        "std": 0.0,
        "min": 11182668.0,
        "max": 11182668.0,
        "n": 4
      }
    },
    "unknown_silence_analysis": {
      "unknown": {
        "precision": {
          "mean": 0.9731382420196901,
          "std": 0.0028941471836950307,
          "min": 0.9682865617157198,
          "max": 0.975937066173068,
          "n": 4
        },
        "recall": {
          "mean": 0.9926194939081537,
          "std": 0.0025098740962545183,
          "min": 0.9882849109653233,
          "max": 0.9943767572633552,
          "n": 4
        }
      },
      "silence": {
        "precision": {
          "mean": 0.0,
          "std": 0.0,
          "min": 0.0,
          "max": 0.0,
          "n": 4
        },
        "recall": {
          "mean": 0.0,
          "std": 0.0,
          "min": 0.0,
          "max": 0.0,
          "n": 4
        }
      }
    }
  },
  "per_seed_runs": [
    {
      "seed": 42,
      "experiment_name": "resnet18_full_baseline_no_audio_tweaks_seed42",
      "run_output_dir": "outputs\\resnet18_no_audio_tweaks\\resnet18_full_baseline_no_audio_tweaks_seed42",
      "summary_path": "outputs\\resnet18_no_audio_tweaks\\resnet18_full_baseline_no_audio_tweaks_seed42\\summary_seed42.json",
      "artifacts": {
        "checkpoint": "outputs\\resnet18_no_audio_tweaks\\resnet18_full_baseline_no_audio_tweaks_seed42\\best_model_seed42.pt",
        "history_csv": "outputs\\resnet18_no_audio_tweaks\\resnet18_full_baseline_no_audio_tweaks_seed42\\history_seed42.csv",
        "summary_json": "outputs\\resnet18_no_audio_tweaks\\resnet18_full_baseline_no_audio_tweaks_seed42\\summary_seed42.json",
        "config_yaml": "outputs\\resnet18_no_audio_tweaks\\resnet18_full_baseline_no_audio_tweaks_seed42\\config_seed42.yaml",
        "confusion_matrix_json": "outputs\\resnet18_no_audio_tweaks\\resnet18_full_baseline_no_audio_tweaks_seed42\\confusion_matrix_seed42.json",
        "confusion_matrix_png": "outputs\\resnet18_no_audio_tweaks\\resnet18_full_baseline_no_audio_tweaks_seed42\\confusion_matrix_seed42.png",
        "error_analysis_json": "outputs\\resnet18_no_audio_tweaks\\resnet18_full_baseline_no_audio_tweaks_seed42\\error_analysis_seed42.json",
        "unknown_detector_checkpoint": "outputs\\resnet18_no_audio_tweaks\\resnet18_full_baseline_no_audio_tweaks_seed42\\unknown_detector_seed42.pt",
        "unknown_detector_summary_json": "outputs\\resnet18_no_audio_tweaks\\resnet18_full_baseline_no_audio_tweaks_seed42\\unknown_detector_summary_seed42.json"
      },
      "epochs": {
        "configured": 40,
        "ran": 39,
        "early_stopped": true,
        "best_epoch": 30
      },
      "best_validation": {
        "acc": 0.97105561861521,
        "loss": 0.12441234679273055,
        "macro_precision": 0.9628974972700086,
        "macro_recall": 0.9457359882879356,
        "macro_f1": 0.9538317765177462
      },
      "test": {
        "loss": 0.11987687044823984,
        "acc": 0.9704462326261888,
        "macro_precision": 0.9630220542621637,
        "macro_recall": 0.9449461262542961,
        "macro_f1": 0.9535563992762188,
        "inference_time_sec": 2.9370843000360765,
        "inference_latency_ms": 0.42971240673534405,
        "used_separate_unknown_detector": false
      },
      "timing": {
        "total_training_time_sec": 6393.653576850891,
        "mean_epoch_time_seconds": 161.86249705461356,
        "max_epoch_time_seconds": 770.0067558288574
      },
      "model_parameters": {
        "total": 11182668,
        "trainable": 11182668
      },
      "unknown_silence_analysis": {
        "unknown": {
          "precision": 0.975937066173068,
          "recall": 0.9882849109653233,
          "support": 4268,
          "predicted_total": 4322,
          "most_confused_as": "no",
          "most_common_source_as_prediction": "right"
        },
        "silence": {
          "precision": 0.0,
          "recall": 0.0,
          "support": 0,
          "predicted_total": 0,
          "most_confused_as": null,
          "most_common_source_as_prediction": null
        }
      }
    },
    {
      "seed": 123,
      "experiment_name": "resnet18_full_baseline_no_audio_tweaks_seed123",
      "run_output_dir": "outputs\\resnet18_no_audio_tweaks\\resnet18_full_baseline_no_audio_tweaks_seed123",
      "summary_path": "outputs\\resnet18_no_audio_tweaks\\resnet18_full_baseline_no_audio_tweaks_seed123\\summary_seed123.json",
      "artifacts": {
        "checkpoint": "outputs\\resnet18_no_audio_tweaks\\resnet18_full_baseline_no_audio_tweaks_seed123\\best_model_seed123.pt",
        "history_csv": "outputs\\resnet18_no_audio_tweaks\\resnet18_full_baseline_no_audio_tweaks_seed123\\history_seed123.csv",
        "summary_json": "outputs\\resnet18_no_audio_tweaks\\resnet18_full_baseline_no_audio_tweaks_seed123\\summary_seed123.json",